Name,Ticker,Market
Altaba Inc,AABA,NASDAQ
American Airlines Group Inc,AAL,NASDAQ
Apple,AAPL,NASDAQ
Ameris Bancorp,ABCB,NASDAQ
ABIOMED Inc,ABMD,NASDAQ
Airbnb Inc,ABNB,NASDAQ
ACADIA Pharmaceuticals Inc,ACAD,NASDAQ
Acacia Communications Inc,ACIA,NASDAQ
Adobe Systems Inc,ADBE,NASDAQ
Analog Devices Inc,ADI,NASDAQ
Adamis Pharmaceuticals Corp,ADMP,NASDAQ
Automatic Data Processing Inc,ADP,NASDAQ
"Autodesk, Inc.",ADSK,NASDAQ
Adverum Biotechnologies Inc,ADVM,NASDAQ
AmTrust Financial Services Inc,AFSI,NASDAQ
Agenus Inc,AGEN,NASDAQ
American Capital Agency Corp.,AGNC,NASDAQ
Agile Therapeutics Inc,AGRX,NASDAQ
Senmiao Technology Ltd,AIHS,NASDAQ
Akamai Technologies,AKAM,NASDAQ
Akorn,AKRX,NASDAQ
Alder BioPharmaceuticals Inc.,ALDR,NASDAQ
Aldeyra Therapeutics Inc,ALDX,NASDAQ
Align Technology Inc,ALGN,NASDAQ
Alnylam Pharmaceuticals Inc,ALNY,NASDAQ
Alarm.com Holdings Inc.,ALRM,NASDAQ
Allovir Inc,ALVR,NASDAQ
Alexion Pharmaceuticals Inc,ALXN,NASDAQ
Applied Materials Inc,AMAT,NASDAQ
Ambarella Inc,AMBA,NASDAQ
Advanced Micro Devices Inc,AMD,NASDAQ
Amedisys Inc,AMED,NASDAQ
Amgen Inc,AMGN,NASDAQ
Albany Molecular Research Inc,AMRI,NASDAQ
Amyris Inc,AMRS,NASDAQ
TD Ameritrade Holding Corp,AMTD,NASDAQ
Amazon,AMZN,NASDAQ
Andersons Inc,ANDE,NASDAQ
ANGI Homeservices Inc,ANGI,NASDAQ
ANSYS,ANSS,NASDAQ
Agora Inc,API,NASDAQ
Digital Turbine Inc,APPS,NASDAQ
Ares Capital Corp,ARCC,NASDAQ
Arcturus Therapeutics Holdings Inc,ARCT,NASDAQ
American Railcar Industries Inc,ARII,NASDAQ
ARRIS Group Inc,ARRS,NASDAQ
Arrowhead Pharmaceuticals Inc,ARWR,NASDAQ
ASML Holding NV,ASML,NASDAQ
Ascena Retail Group Inc,ASNA,NASDAQ
Athersys Inc,ATHX,NASDAQ
Athenex Inc,ATNX,NASDAQ
Antares Pharma Inc,ATRS,NASDAQ
"Activision Blizzard, Inc.",ATVI,NASDAQ
AeroVironment Inc.,AVAV,NASDAQ
Broadcom Inc,AVGO,NASDAQ
Avid Technology Inc.,AVID,NASDAQ
Avnet Inc,AVT,NASDAQ
Anavex Life Sciences Corp,AVXL,NASDAQ
Axogen Inc.,AXGN,NASDAQ
Axon Enterprise Inc,AXON,NASDAQ
Atlantica Sustainable Infrastructure PLC,AY,NASDAQ
AYRO Inc,AYRO,NASDAQ
Aytu BioScience Inc,AYTU,NASDAQ
Aspen Technology Inc,AZPN,NASDAQ
Bed Bath & Beyond Inc,BBBY,NASDAQ
BioCryst Pharmaceuticals Inc,BCRX,NASDAQ
BioTelemetry Inc.,BEAT,NASDAQ
B/E Aerospace Inc,BEAV,NASDAQ
Brighthouse Financial Inc,BHF,NASDAQ
"Baidu, Inc.",BIDU,NASDAQ
Biogen Inc,BIIB,NASDAQ
Bilibili,BILI,NASDAQ
Booking Holdings Inc,BKNG,NASDAQ
Bio-key International Inc,BKYI,NASDAQ
Ballard Power Systems Inc.,BLDP,NASDAQ
Builders FirstSource Inc,BLDR,NASDAQ
BioLife Solutions Inc,BLFS,NASDAQ
Bloomin Brands Inc,BLMN,NASDAQ
Blink Charging Co,BLNK,NASDAQ
Bluebird Bio Inc,BLUE,NASDAQ
Bumble Inc.,BMBL,NASDAQ
BioMarin Pharmaceutical Inc,BMRN,NASDAQ
BioNano Genomics Inc,BNGO,NASDAQ
BioNTech SE,BNTX,NASDAQ
Boxlight Corp,BOXL,NASDAQ
Blueprint Medicines Corp,BPMC,NASDAQ
Brookfield Property Partners L.P.,BPY,NASDAQ
Broadcom Corporation,BRCM,NASDAQ
Bruker Corp,BRKR,NASDAQ
Beyond Meat Inc.,BYND,NASDAQ
Baozun Inc,BZUN,NASDAQ
Credit Acceptance,CACC,NASDAQ
Caesars Acquisition,CACQ,NASDAQ
CalAmp Corp.,CAMP,NASDAQ
Canaan Inc,CAN,NASDAQ
Avis Budget Group Inc,CAR,NASDAQ
Cara Therapeutics ,CARA,NASDAQ
Caseys General Stores Inc,CASY,NASDAQ
Cavium Inc,CAVM,NASDAQ
China Biologic,CBPO,NASDAQ
CBRL Group Inc.,CBRL,NASDAQ
Centennial Resource Development Inc/DE,CDEV,NASDAQ
Cadence Design Systems Inc,CDNS,NASDAQ
CDW Corp (New),CDW,NASDAQ
Celgene Corp,CELG,NASDAQ
Chembio Diagnostics Inc,CEMI,NASDAQ
Cerner Corp.,CERN,NASDAQ
Cerus Corp,CERS,NASDAQ
Ceva Inc.,CEVA,NASDAQ
Churchill Downs Inc.,CHDN,NASDAQ
CHF Solutions Inc,CHFS,NASDAQ
Check Point Software Technologies,CHKP,NASDAQ
Coherus Biosciences Inc,CHRS,NASDAQ
C.H.Robinson Worldwide Inc,CHRW,NASDAQ
Charter Communications Inc,CHTR,NASDAQ
Cincinnati Financial Corp,CINF,NASDAQ
Celldex Therapeutics Inc,CLDX,NASDAQ
Cellectis SA,CLLS,NASDAQ
Calumet Specialty Products Partners LP,CLMT,NASDAQ
Cleanspark Inc,CLSK,NASDAQ
Comcast Corp,CMCSA,NASDAQ
CME Group,CME,NASDAQ
Conmed Corp.,CNMD,NASDAQ
Cocrystal Pharma Inc,COCP,NASDAQ
Co-Diagnostics Inc,CODX,NASDAQ
CommScope Holding Co Inc,COMM,NASDAQ
Mr Cooper Group Inc,COOP,NASDAQ
Core-Mark Holding Company Inc,CORE,NASDAQ
Costco Wholesale Corp,COST,NASDAQ
Coupa Software Inc,COUP,NASDAQ
Copart Inc,CPRT,NASDAQ
Catalyst Pharmaceuticals Inc,CPRX,NASDAQ
Cray Inc.,CRAY,NASDAQ
Corbus Pharmaceuticals Holding,CRBP,NASDAQ
Cree Inc.,CREE,NASDAQ
Cronos Group Inc,CRON,NASDAQ
Crocs Inc,CROX,NASDAQ
CRISPR Therapeutics AG,CRSP,NASDAQ
Corsair Gaming Inc,CRSR,NASDAQ
Cirrus Logic Inc,CRUS,NASDAQ
Crowdstrike Holdings,CRWD,NASDAQ
Cisco,CSCO,NASDAQ
CoStar Group Inc,CSGP,NASDAQ
Canadian Solar Inc.,CSIQ,NASDAQ
Cornerstone OnDemand Inc,CSOD,NASDAQ
CSX Corp,CSX,NASDAQ
Cintas Corp,CTAS,NASDAQ
Cognizant Technology Solutions Corp,CTSH,NASDAQ
Citrix Systems Inc,CTXS,NASDAQ
CureVac NV,CVAC,NASDAQ
CYPRESS SEMICOND,CY,NASDAQ
CyberArk,CYBR,NASDAQ
ChangYou.com,CYOU.CH,NASDAQ
Caesars Enertainment Inc,CZR,NASDAQ
Caesars Entertainment Corp,CZRdel,NASDAQ
Dropbox Inc,DBX,NASDAQ
Datadog Inc,DDOG,NASDAQ
Dennys Corp.,DENN,NASDAQ
Digital Ally Inc,DGLY,NASDAQ
Discovery Communications Inc,DISCA,NASDAQ
DISH Network Corp,DISH,NASDAQ
Draftkings Inc,DKNG,NASDAQ
Dollar Tree Inc,DLTR,NASDAQ
Dunkin Brands Group Inc,DNKN,NASDAQ
DocuSign Inc,DOCU,NASDAQ
Amdocs Ltd,DOX,NASDAQ
Driven Brands Holdings Inc,DRVN,NASDAQ
Directv,DTV,NASDAQ
Dynavax Technologies Corp,DVAX,NASDAQ
DexCom Inc,DXCM,NASDAQ
"Electronic Arts, Inc.",EA,NASDAQ
eBay,EBAY,NASDAQ
Editas Medicine Inc,EDIT,NASDAQ
Euronet Worldwide Inc.,EEFT,NASDAQ
eGain Corp,EGAN,NASDAQ
EHang Holdings Ltd,EH,NASDAQ
eHealth Inc,EHTH,NASDAQ
Enphase Energy Inc.,ENPH,NASDAQ
Equinix Inc,EQIX,NASDAQ
Essendant Inc,ESND,NASDAQ
Express Scripts Holding Co,ESRX,NASDAQ
E*TRADE Financial Corp,ETFC,NASDAQ
Etsy Inc,ETSY,NASDAQ
Everbridge Inc,EVBG,NASDAQ
Evofem Biosciences Inc,EVFM,NASDAQ
Exact Sciences Corp,EXAS,NASDAQ
Exelixis Inc,EXEL,NASDAQ
Expeditors International of Washington,EXPD,NASDAQ
Expedia Inc Del,EXPE,NASDAQ
Diamondback Energy Inc,FANG,NASDAQ
Fastenal Company,FAST,NASDAQ
Fate Therapeutics Inc,FATE,NASDAQ
Facebook,FB,NASDAQ
FuelCell Energy Inc,FCEL,NASDAQ
Federal-Mogul Corp.,FDML,NASDAQ
FireEye,FEYE,NASDAQ
F5 Networks Inc,FFIV,NASDAQ
Fiserv Inc,FISV,NASDAQ
Fifth Third Bancorp,FITB,NASDAQ
Five Below Inc,FIVE,NASDAQ
Flex Ltd,FLEX,NASDAQ
FLIR Systems Inc.,FLIR,NASDAQ
1 800 FLOWERS COM,FLWS,NASDAQ
First Bancorp Inc Maine,FNMA,NASDAQ
Amicus Therapeutics Inc,FOLD,NASDAQ
Fossil Inc.,FOSL,NASDAQ
Twenty-First Century Fox Inc,FOX,NASDAQ
Jfrog Ltd,FROG,NASDAQ
Freshpet Inc,FRPT,NASDAQ
"First Solar, Inc.",FSLR,NASDAQ
Fortinet Inc,FTNT,NASDAQ
Frontier Communications Corporation,FTR,NASDAQ
Liberty Media Formula One Corp A,FWONA,NASDAQ
Gevo Inc,GEVO,NASDAQ
Guardant Health Inc,GH,NASDAQ
Gilead Sciences Inc,GILD,NASDAQ
Globus Maritime Ltd,GLBS,NASDAQ
Gaming and Leisure,GLPI,NASDAQ
Glu Mobile Inc,GLUU,NASDAQ
Keurig Green Mountain Inc,GMCR,NASDAQ
Gentex Corporation,GNTX,NASDAQ
Genius Brands International Inc,GNUS,NASDAQ
Alphabet,GOOG,NASDAQ
Gossamer Bio Inc,GOSS,NASDAQ
GoPro Inc,GPRO,NASDAQ
Garmin Ltd.,GRMN,NASDAQ
Globalstar,GSAT,NASDAQ
Global Sources,GSOL.CH,NASDAQ
Goodyear Tire & Rubber Co,GT,NASDAQ
GW Pharmaceuticals Plc,GWPH,NASDAQ
Hain Celestial,HAIN,NASDAQ
Hasbro Inc,HAS,NASDAQ
Blackhawk Network Holdings,HAWK,NASDAQ
Huntington Bancshares Inc,HBAN,NASDAQ
HD Supply Holdings Inc,HDS,NASDAQ
Turtle Beach Corp,HEAR,NASDAQ
Hologic Inc,HOLX,NASDAQ
HealthEquity Inc,HQY,NASDAQ
Henry Schein Inc,HSIC,NASDAQ
Heat Biologics Inc,HTBX,NASDAQ
HTG Molecular Diagnostics Inc,HTGM,NASDAQ
Huazhu Group Ltd,HTHT,NASDAQ
IAC/InterActiveCorp,IAC,NASDAQ
IBERIABANK Corp,IBKC,NASDAQ
Interactive Brokers Group,IBKR,NASDAQ
Intercept Pharma,ICPT,NASDAQ
InterDigital Inc.,IDCC,NASDAQ
Ideanomics Inc,IDEX,NASDAQ
IDEXX Laboratories Inc,IDXX,NASDAQ
Icahn Entrpres Depositary Units Repr Units of LP Interests,IEP,NASDAQ
II-VI Inc,IIVI,NASDAQ
Illumina,ILMN,NASDAQ
Immunomedics Inc,IMMU,NASDAQ
Imperva,IMPV,NASDAQ
Incyte Corp.,INCY,NASDAQ
IHS Markit Ltd,INFO,NASDAQ
Inogen Inc,INGN,NASDAQ
Inovio Pharmaceuticals Inc,INO,NASDAQ
Inpixon,INPX,NASDAQ
Insys Therapeutics Inc,INSY,NASDAQ
Intel,INTC,NASDAQ
Intuit Corp,INTU,NASDAQ
Ionis Pharmaceuticals,IONS,NASDAQ
Ipg Photonics Corp.,IPGP,NASDAQ
iRobot Corp.,IRBT,NASDAQ
iRhythm Technologies Inc.,IRTC,NASDAQ
Investors Bancorp Inc,ISBC,NASDAQ
Intuitive Surgical Inc,ISRG,NASDAQ
IZEA Worldwide Inc,IZEA,NASDAQ
Jack in the Box Inc,JACK,NASDAQ
Jaguar Health Inc,JAGX,NASDAQ
Jazz Pharmaceuticals,JAZZ,NASDAQ
J.B.Hunt Transport Services Inc,JBHT,NASDAQ
JetBlue Airways Corp,JBLU,NASDAQ
JD.com,JD.US,NASDAQ
9F Inc,JFU,NASDAQ
Jack Henry & Associates Inc,JKHY,NASDAQ
51Job,JOBS.CH,NASDAQ
Johnson Outdoors Inc.,JOUT,NASDAQ
JSNTST,JSNTST,NASDAQ
Kingsoft Cloud Holdings Ltd,KC,NASDAQ
The Kraft Heinz Company,KHC,NASDAQ
KLA Corporation,KLAC,NASDAQ
Kratos Defense & Security Solutions Inc,KTOS,NASDAQ
Lamar Advertising Company,LAMR,NASDAQ
Liberty Global A,LBTYA,NASDAQ
Liberty Global C,LBTYK,NASDAQ
Liberty Global PLC LiLAC Class A,LILA,NASDAQ
Lumentum Holdings Inc,LITE,NASDAQ
Luckin Coffee Inc.,LK,NASDAQ
LKQ Corp,LKQ,NASDAQ
Lianluo Smart Ltd,LLIT,NASDAQ
Linear Technology Corporation,LLTC,NASDAQ
Cheniere Energy Inc,LNG,NASDAQ
LogMeIn Inc,LOGM,NASDAQ
LifePoint Health Inc,LPNT,NASDAQ
LivePerson Inc,LPSN,NASDAQ
Lam Research Corp,LRCX,NASDAQ
Lattice Semiconductor Corp,LSCC,NASDAQ
Liberty Media Corporation Series A Liberty SiriusXM Common Stock,LSXMA,NASDAQ
Lululemon Athletica Inc,LULU,NASDAQ
Luna Innovations Inc,LUNA,NASDAQ
Lyft Inc.,LYFT,NASDAQ
Marriott International Inc,MAR,NASDAQ
Marathon Patent Group Inc,MARA,NASDAQ
Remark Holdings Inc,MARK,NASDAQ
Masimo Corp.,MASI,NASDAQ
Mattel Inc,MAT,NASDAQ
Microchip Technology Inc,MCHP,NASDAQ
MongoDB Inc,MDB,NASDAQ
Mondelez International Inc,MDLZ,NASDAQ
Medidata Solutions Inc.,MDSO,NASDAQ
Media General,MEG,NASDAQ
MercadoLibre,MELI,NASDAQ
Magnite Inc,MGNI,NASDAQ
Middleby Corp/The,MIDD.US,NASDAQ
The Michaels Companies Inc,MIK,NASDAQ
Mitek Systems Inc,MITK,NASDAQ
MarketAxess Holdings Inc,MKTX,NASDAQ
Mellanox Technologies Ltd,MLNX,NASDAQ
Makemytrip,MMYT,NASDAQ
Monster Beverage Corp,MNST,NASDAQ
MOMO Inc ADR,MOMO,NASDAQ
Mercury Systems Inc,MRCY,NASDAQ
Moderna Inc,MRNA,NASDAQ
Mirati Therapeutics Inc,MRTX,NASDAQ
Marvell Technology Group Ltd,MRVL,NASDAQ
Microsoft,MSFT,NASDAQ
"Match Group, Inc",MTCH,NASDAQ
"Micron Technology, Inc.",MU,NASDAQ
Maxim Integrated Products Inc,MXIM,NASDAQ
Naked Brand Group,NAKD,NASDAQ
National Instruments Corporation,NATI,NASDAQ
Navient Corp,NAVI,NASDAQ
New Age Inc,NBEV,NASDAQ
Neurocrine Biosciences Inc,NBIX,NASDAQ
Cloudflare,NET,NASDAQ
"Netflix, Inc.",NFLX,NASDAQ
Niu Technologies,NIU,NASDAQ
Nikola Corp,NKLA,NASDAQ
NortonLifeLock,NLOK,NASDAQ
Nano Dimension Ltd,NNDM,NASDAQ
NetApp Inc,NTAP,NASDAQ
Nintendo CO Ltd,NTDOY,NASDAQ
NetEase,NTES.CH,NASDAQ
Intellia Therapeutics Inc,NTLA,NASDAQ
 Nutanix Inc A,NTNX,NASDAQ
Natera Inc,NTRA,NASDAQ
Northern Trust Corp,NTRS,NASDAQ
Nuance Communications,NUAN,NASDAQ
NuVasive Inc.,NUVA,NASDAQ
Novavax Inc,NVAX,NASDAQ
Novocure Ltd,NVCR,NASDAQ
NVIDIA Corporation,NVDA,NASDAQ
Newell Rubbermaid Inc,NWL,NASDAQ
News Corp,NWSA,NASDAQ
NXP Semiconductors,NXPI,NASDAQ
Ocugen Inc,OCGN,NASDAQ
Old Dominion Freight Line Inc,ODFL,NASDAQ
Office Depot Inc,ODP,NASDAQ
Organigram Holdings Inc,OGI,NASDAQ
Okta Inc,OKTA,NASDAQ
Universal Display Corp,OLED,NASDAQ
Ollies Bargain Outlet Holdings Inc,OLLI,NASDAQ
ON Semiconductor Corp,ON,NASDAQ
Spark Therapeutics Inc,ONCE,NASDAQ
ORBCOMM Inc.,ORBC,NASDAQ
OReilly Automotive Inc,ORLY,NASDAQ
"Overstock.com, Inc.",OSTK,NASDAQ
Pan American Silver Corp,PAAS,NASDAQ
Pacific Biosciences of California Inc,PACB,NASDAQ
Paysign Inc,PAYS,NASDAQ
Paychex Inc,PAYX,NASDAQ
Puma Biotechnology Inc,PBYI,NASDAQ
Paccar Inc,PCAR,NASDAQ
Vaxcyte Inc,PCVX,NASDAQ
PDC Energy Inc,PDCE,NASDAQ
Patterson Companies Inc,PDCO,NASDAQ
Pinduoduo Inc,PDD,NASDAQ
Pattern Energy Group,PEGI,NASDAQ
Penn National Gaming Inc,PENN,NASDAQ
PepsiCo,PEP,NASDAQ
PetSmart Inc.,PETM,NASDAQ
Principal Financial Group Inc,PFG,NASDAQ
Proofpoint Inc,PFPT,NASDAQ
Impinj Inc.,PI,NASDAQ
Dave & Busters Entertainment Inc,PLAY,NASDAQ
Playtika Holding Corp.,PLTK,NASDAQ
Plug Power Inc,PLUG,NASDAQ
Insulet Corp.,PODD,NASDAQ
Pool Corp.,POOL,NASDAQ
Poshmark Inc Class A,POSH,NASDAQ
Power Integrations,POWI,NASDAQ
Pilgrims Pride,PPC,NASDAQ
PRA Health Sciences Inc,PRAH,NASDAQ
Pluralsight Inc,PS,NASDAQ
PTC Inc.,PTC,NASDAQ
Peloton Interactive,PTON,NASDAQ
PayPal Holdings,PYPL,NASDAQ
Papa John's International Inc,PZZA,NASDAQ
Qualcomm Inc,QCOM,NASDAQ
360 Finance Inc.,QFIN,NASDAQ
Qiwi Plc,QIWI,NASDAQ
Qualigen Therapeutics Inc,QLGN,NASDAQ
Qurate Retail Group inc,QRTEA,NASDAQ
Qorvo Inc.,QRVO,NASDAQ
Qutoutiao Inc.,QTT,NASDAQ
Qunar Cayman Islands,QUNR.CH,NASDAQ
uniQure NV,QURE,NASDAQ
Ra Pharmaceuticals Inc,RARX,NASDAQ
RealReal Inc/The,REAL,NASDAQ
Regency Centers Corp,REG,NASDAQ
Regeneron Pharmaceuticals,REGN,NASDAQ
Reata Pharmaceuticals Inc,RETA,NASDAQ
Repligen Corp,RGEN,NASDAQ
Riot Blockchain Inc,RIOT,NASDAQ
Roku Inc,ROKU,NASDAQ
Ross Stores Inc,ROST,NASDAQ
Repay Holdings Corp,RPAY,NASDAQ
Rapid7 Inc,RPD,NASDAQ
Sunrun Inc.,RUN,NASDAQ
Rush Enterprises Inc,RUSHB,NASDAQ
Ryanair Holdings plc,RYAAY,NASDAQ
Sanderson Farms Inc,SAFM,NASDAQ
Sage Therapeutics Inc,SAGE,NASDAQ
Sanmina Corp,SANM,NASDAQ
SBA Communications Corporation,SBAC,NASDAQ
Signature Bank,SBNY,NASDAQ
Sabra Health Care REIT Inc,SBRA,NASDAQ
Starbucks Corporation,SBUX,NASDAQ
SolarEdge Technologies,SEDG,NASDAQ
SEI Investments Company,SEIC,NASDAQ
Stitch Fix Inc,SFIX,NASDAQ
Sprouts Farmers Market Inc.,SFM,NASDAQ
Seattle Genetics,SGEN,NASDAQ
Sangamo Biosciences Inc,SGMO,NASDAQ
Seanergy Maritime Holdings Corp,SHIP,NASDAQ
Sears Holdings Corp,SHLD,NASDAQ
SINA Corp/China,SINA,NASDAQ
SiNtx Technologies Inc,SINT,NASDAQ
Sirius XM Holdings Inc,SIRI,NASDAQ
SVB Financial Group,SIVB,NASDAQ
Silicon Laboratories Inc.,SLAB,NASDAQ
Silgan Holdings Inc,SLGN,NASDAQ
Semtech Corp.,SMTC,NASDAQ
SanDisk Corp,SNDK,NASDAQ
StoneX Group Inc,SNEX,NASDAQ
Synopsys Inc,SNPS,NASDAQ
ElectraMeccanica Vehicles Corp,SOLO,NASDAQ
Splunk Inc,SPLK,NASDAQ
Staples Inc,SPLS,NASDAQ
SpartanNash Company,SPTN,NASDAQ
SunPower Corp,SPWR,NASDAQ
Stericycle,SRCL,NASDAQ
Sorrento Therapeutics Inc,SRNE,NASDAQ
Sarepta Therapeutics Inc,SRPT,NASDAQ
SS&C Technologies Holdings Inc,SSNC,NASDAQ
SuRo Capital Corp,SSSS,NASDAQ
Steel Dynamics Inc,STLD,NASDAQ
Stamps.com Inc,STMP,NASDAQ
StoneCo Ltd A,STNE,NASDAQ
Seagate Technology PLC,STX,NASDAQ
Sumo Logic Inc. ,SUMO,NASDAQ
Sunworks Inc,SUNW,NASDAQ
Smith & Wesson Brands Inc,SWBI,NASDAQ
Skyworks Solutions,SWKS,NASDAQ
Synaptics Inc.,SYNA,NASDAQ
Syntel,SYNT,NASDAQ
TravelCenters of America LLC,TA,NASDAQ
Del Taco Restaurants Inc,TACO,NASDAQ
Toughbuilt Industries Inc,TBLT,NASDAQ
Trip.com Group Ltd,TCOM.CH,NASDAQ
Atlassian Corp PLC A,TEAM,NASDAQ
Tech Data Corp,TECD,NASDAQ
Bio-Techne Corp,TECH,NASDAQ
Tellurian Inc,TELL,NASDAQ
Teradyne Inc,TER,NASDAQ
TiVo Corporation,TIVO,NASDAQ
"Tilray, Inc.",TLRY,NASDAQ
T-Mobile US Inc,TMUS,NASDAQ
Tandem Diabetes Care Inc,TNDM,NASDAQ
TOP Ships Inc,TOPS,NASDAQ
TPI Composites Inc,TPIC,NASDAQ
LendingTree Inc,TREE,NASDAQ
TripAdvisor Inc,TRIP,NASDAQ
Trimble Inc.,TRMB,NASDAQ
T Rowe Price Group Inc,TROW,NASDAQ
Trevena Inc,TRVN,NASDAQ
Tractor Supply Co,TSCO,NASDAQ
"Tesla Motors, Inc.",TSLA,NASDAQ
Tattooed Chef Inc,TTCF,NASDAQ
Trade Desk Inc A,TTD,NASDAQ
Titan Pharmaceuticals Inc,TTNP,NASDAQ
Take Two Interactive Software Inc,TTWO,NASDAQ
10X Genomics Inc,TXG,NASDAQ
Texas Instruments Inc,TXN,NASDAQ
Texas Roadhouse Inc,TXRH,NASDAQ
United Continental Holdings Inc,UAL,NASDAQ
Universal Electronics Inc.,UEIC,NASDAQ
Ubiquiti Inc,UI,NASDAQ
Ulta Beauty Inc,ULTA,NASDAQ
Ultimate Software Group Inc,ULTI,NASDAQ
Uniti Group Inc,UNIT,NASDAQ
Urban One Inc,UONE,NASDAQ
Upwork Inc,UPWK,NASDAQ
Urban Outfitters Inc.,URBN,NASDAQ
VBI Vaccines Inc,VBIV,NASDAQ
Visteon Corp,VC,NASDAQ
Veracyte Inc,VCYT,NASDAQ
Viacom Inc,VIA,NASDAQ
Viavi Solutions,VIAV,NASDAQ
Vir Biotechnology Inc,VIR,NASDAQ
Vodafone,VOD,NASDAQ
Miragen Therapeutics Inc,VRDN,NASDAQ
Vroom Inc,VRM,NASDAQ
Verisk Analytics,VRSK,NASDAQ
Verisign,VRSN,NASDAQ
Vertex Pharmaceuticals Incorporated,VRTX,NASDAQ
Viatris Inc,VTRS,NASDAQ
Vitru Ltd,VTRU,NASDAQ
VWR Corp,VWR,NASDAQ
Vaxart Inc,VXRT,NASDAQ
Weibo Corp,WB,NASDAQ
Walgreens Boots Alliance Inc,WBA,NASDAQ
Workday Inc A,WDAY,NASDAQ
Western Digital Corporation,WDC,NASDAQ
WeWork,WE,NASDAQ
Wendy's,WEN,NASDAQ
Whole Foods Market Inc,WFM,NASDAQ
Wix.com Ltd ,WIX,NASDAQ
Workhorse Group Inc,WKHS,NASDAQ
Willis Towers Watson Public Limited Company,WLTW,NASDAQ
Wright Medical Group NV,WMGI,NASDAQ
Petco Health & Wellness Co Inc,WOOF,NASDAQ
Weight Watchers International Inc.,WTW,NASDAQ
Wynn Resorts Ltd,WYNN,NASDAQ
Xcel Energy Inc,XEL,NASDAQ
Xilinx Inc,XLNX,NASDAQ
Dentsply Sirona Inc.,XRAY,NASDAQ
Ixia,XXIA,NASDAQ
Yandex NV,YNDX,NASDAQ
Zillow Group Inc,Z,NASDAQ
Zebra Technologies Corp.,ZBRA,NASDAQ
Zogenix Inc,ZGNX,NASDAQ
Zions Bancorp NA,ZION,NASDAQ
Zoom Video Communications Inc,ZM,NASDAQ
Zynga,ZNGA,NASDAQ
Zscaler Inc,ZS,NASDAQ
Zynerba Pharmaceuticals Inc,ZYNE,NASDAQ
Agilent Technologies Inc,A,NYSE
Alcoa,AA,NYSE
Advance Auto Parts Inc,AAP,NYSE
AbbVie Inc,ABBV,NYSE
AmerisourceBergen Corp,ABC,NYSE
Ambev ADR,ABEV,NYSE
Asbury Automotive Group Inc,ABG,NYSE
ABM Industries Inc,ABM,NYSE
Abbott Laboratories,ABT,NYSE
Aurora Cannabis Inc,ACB,NYSE
Albertsons Cos Inc,ACI,NYSE
AECOM,ACM,NYSE
Accenture PLC,ACN,NYSE
Archer-Daniels-Midland Co,ADM,NYSE
Alliance Data Systems Corp,ADS,NYSE
ADT Inc.,ADT,NYSE
Ameren Corp,AEE,NYSE
Agnico Eagle Mines Ltd,AEM,NYSE
American Eagle Outfitters Inc,AEO,NYSE
American Electric Power Inc,AEP,NYSE
AES Corp,AES,NYSE
Aetna Inc,AET,NYSE
American Financial Group Inc,AFG,NYSE
Aflac Inc,AFL,NYSE
AGCO Corp,AGCO,NYSE
Allergan PLC,AGN,NYSE
Adecoagro S.A.,AGRO,NYSE
American International Group Inc,AIG,NYSE
Albany International Corp,AIN,NYSE
Assurant Inc,AIZ,NYSE
Arthur J.Gallagher & Co,AJG,NYSE
Ak Steel Holding Corp,AKS,NYSE
Albemarle Corporation,ALB,NYSE
Alaska Air Group Inc,ALK,NYSE
Allstate Corp,ALL,NYSE
Allegion,ALLE,NYSE
Ally Financial Inc,ALLY,NYSE
AMETEK Inc (New),AME,NYSE
Affiliated Managers Group,AMG,NYSE
Ameriprise Financial Inc,AMP,NYSE
American Tower Corp,AMT,NYSE
American Well Corp,AMWL,NYSE
"America Movil, S.A.B. de C.V.",AMX,NYSE
AutoNation,AN,NYSE
Andeavor,ANDV,NYSE
Arista Networks Inc,ANET,NYSE
Abercrombie & Fitch Company,ANF,NYSE
Anthem Inc,ANTM,NYSE
Aon plc,AON,NYSE
A O Smith Corp,AOS,NYSE
APA Corp,APA,NYSE
Anadarko Petroleum Corp,APC,NYSE
Air Products & Chemicals Inc,APD,NYSE
Amphenol Corporation (New),APH,NYSE
Blue Apron Holdings Inc.,APRN,NYSE
Aptiv PLC,APTV,NYSE
Aquantia Corp.,AQ,NYSE
Evoqua Water Technologies Corp,AQUA,NYSE
Arch Coal Inc,ARCH,NYSE
Alexandria Real Estate Equities Inc,ARE,NYSE
Airgas Inc,ARG,NYSE
Argo Group,ARGO,NYSE
Aramark,ARMK,NYSE
Arrow Electronics Inc,ARW,NYSE
Asana,ASAN,NYSE
Ashland Inc,ASH,NYSE
Asensus Surgical Inc.,ASXC,NYSE
Adtalem Global Education Inc,ATGE,NYSE
Athene Holding Ltd,ATH,NYSE
Autohome,ATHM.CH,NYSE
Allegheny Technologies Inc,ATI,NYSE
Atmos Energy Corp,ATO,NYSE
Altice USA Inc A,ATUS,NYSE
AngloGold Ashanti Ltd,AU,NYSE
Yamana Gold Inc,AUY,NYSE
AvalonBay Communities Inc,AVB,NYSE
Avon Products Inc,AVP,NYSE
Avery Dennison Corp,AVY,NYSE
American Water Works Co Inc,AWK,NYSE
Anixter International Inc,AXE,NYSE
Axiall Corp,AXLL,NYSE
American Express CO,AXP,NYSE
Axalta Coating Systems,AXTA,NYSE
Acuity Brands Inc.,AYI,NYSE
Alteryx Inc.,AYX,NYSE
AstraZeneca PLC ADR,AZN,NYSE
Autozone Inc,AZO,NYSE
Azul SA,AZUL,NYSE
Boeing,BA,NYSE
Alibaba,BABA,NYSE
Bank of America Corp,BAC,NYSE
Booz Allen Hamilton Holding Corp,BAH,NYSE
Baxter International Inc,BAX,NYSE
BlackBerry Limited,BB,NYSE
Banco Bradesco ADR,BBD,NYSE
Best Buy Co Inc,BBY,NYSE
Brunswick Corp,BC,NYSE
Brinks Co,BCO,NYSE
Becton Dickinson & Co.,BDX,NYSE
Bloom Energy Corp,BE,NYSE
Franklin Resources Inc.,BEN,NYSE
Berry Plastics Group Inc,BERY,NYSE
Bright Horizons Family Solutions,BFAM,NYSE
Bunge Ltd,BG,NYSE
General Cable Corp,BGC,NYSE
Bausch Health Companies Inc,BHC,NYSE
Baker Hughes Inc,BHI,NYSE
BHP Group Ltd ADR,BHP,NYSE
Biohaven Pharmaceutical Holding Co Ltd,BHVN,NYSE
Big Lots Inc,BIG,NYSE
Bill.com Holdings Inc,BILL,NYSE
Bio-Rad Laboratories Inc,BIO,NYSE
Bitauto Holdings Limited,BITA,NYSE
BJs Wholesale Club Holdings Inc,BJ,NYSE
Bank of New York Mellon Corp,BK,NYSE
Baker Hughes A GE Co,BKR,NYSE
Barnes & Noble Inc,BKS,NYSE
BlackRock Inc,BLK,NYSE
Ball Corp,BLL,NYSE
Bemis Co Inc,BMS,NYSE
Bristol-Myers Squibb Co,BMY,NYSE
Box Inc,BOX,NYSE
Buckeye Partners L P,BPL,NYSE
Broadridge Financial Solutions,BR,NYSE
BRF SA,BRFS,NYSE
Berkshire Hathaway Inc,BRK.B,NYSE
Brown & Brown Inc,BRO,NYSE
Banco Santander Chile,BSAC,NYSE
B2Gold Corp,BTG.US,NYSE
British American Tobacco PLC ADR,BTI,NYSE
Peabody Energy Corp,BTU,NYSE
Anheuser-Busch Inbev Sa,BUD,NYSE
Burlington Stores Inc,BURL,NYSE
BorgWarner Inc,BWA,NYSE
BlackStone Group LP,BX,NYSE
Boston Properties Inc,BXP,NYSE
BancorpSouth Bank,BXS,NYSE
Boyd Gaming,BYD,NYSE
Citigroup,C,NYSE
CalAtlantic Group,CAA,NYSE
Cadence BanCorp,CADE,NYSE
ConAgra Foods Inc,CAG,NYSE
Cardinal Health Inc,CAH,NYSE
Schlumberger Ltd,CAM,NYSE
Caterpillar,CAT,NYSE
Chubb Corp,CB,NYSE
CBRE Group Inc,CBRE,NYSE
The Chemours,CC,NYSE
Coca-Cola Enterprises Inc,CCEP,NYSE
Crown Castle International,CCI,NYSE
Crown Holdings Inc,CCK,NYSE
Carnival Corp,CCL,NYSE
Cia Cervecerias unidas,CCU,NYSE
Celanese Corp,CE,NYSE
Crestwood Equity Partners LP,CEQP,NYSE
CF Industries Holdings Inc,CF,NYSE
Citizens Financial Group Inc,CFG,NYSE
Colfax Corp,CFX,NYSE
Canopy Growth Corp,CGC,NYSE
Church & Dwight Co Inc,CHD,NYSE
Chemed Corp,CHE,NYSE
Chegg Inc,CHGG,NYSE
Chesapeake Energy Corp,CHK,NYSE
China Mobile Limited,CHL,NYSE
Chewy,CHWY,NYSE
Cigna Corp,CI,NYSE
Ciena Corp,CIEN,NYSE
Companhia Energetica de Minas Gerais,CIG,NYSE
Cision Ltd,CISN,NYSE
CIT Group,CIT,NYSE
Colgate-Palmolive,CL,NYSE
Cloudera Inc.,CLDR,NYSE
Continental Resources Inc,CLR,NYSE
Clorox Co,CLX,NYSE
Comerica Inc,CMA,NYSE
Commercial Metals Co,CMC,NYSE
Chipotle Mexican Grill Inc,CMG,NYSE
Cummins Inc (Ex. Cummins Engine Inc),CMI,NYSE
CMS Energy Corp,CMS,NYSE
Centene Corp,CNC,NYSE
Cinemark Holdings Inc,CNK,NYSE
CNO Financial Group Inc,CNO,NYSE
Centerpoint Energy Inc,CNP,NYSE
Canadian Natural Resources Ltd,CNQ,NYSE
CNX Resources Corp,CNX,NYSE
Capital One Financial Corp,COF,NYSE
Cabot Oil & Gas Corp,COG,NYSE
Rockwell Collins Inc,COL,NYSE
Americold Realty Trust,COLD,NYSE
Cooper Cos Inc,COO,NYSE
ConocoPhillips Co,COP,NYSE
Coty Inc,COTY,NYSE
Campbell Soup Co,CPB,NYSE
Callon Petroleum Co,CPE,NYSE
Calpine Corp,CPN,NYSE
Capri Holdings Ltd,CPRI,NYSE
Carters,CRI,NYSE
Charles River Laboratories International Inc,CRL,NYSE
Salesforce.com Inc,CRM,NYSE
CST Brands Inc,CST,NYSE
Catalent Inc,CTLT,NYSE
Corteva Inc,CTVA,NYSE
Cubic Corp.,CUB,NYSE
CubeSmart,CUBE,NYSE
Covanta Holdings,CVA,NYSE
Cablevision Systems Corp,CVC,NYSE
CVR Energy,CVI.N,NYSE
Carvana Co,CVNA,NYSE
CVR Refining,CVRR,NYSE
CVS Health Corp,CVS,NYSE
Chevron,CVX,NYSE
Clearway Energy Inc,CWEN,NYSE
"Cemex, S.A.B. de C.V.",CX,NYSE
Concho Resources Inc,CXO,NYSE
Community Health Systems Inc,CYH,NYSE
Dominion Energy Inc,D,NYSE
Delta Air Lines Inc (DE),DAL,NYSE
Dana Holding Corp,DAN,NYSE
Darling Ingredients Inc,DAR,NYSE
DoorDash Inc,DASH.US,NYSE
Tableau Software Inc A,DATA,NYSE
Deutsche-Bank,DB,NYSE
Donaldson Company,DCI,NYSE
DowDuPont Inc,DD,NYSE
3D Systems Corp.,DDD,NYSE
Du-Pont,DDOld,NYSE
Dillards Inc,DDS,NYSE
Deere & Co,DE,NYSE
Deckers Outdoor Corp,DECK,NYSE
Dell Technologies Inc C,DELL,NYSE
WisdomTree Emerging Markets High Dividend Fund,DEM,NYSE
Denbury Resources Inc,DEN,NYSE
Dean Foods Co,DF,NYSE
Discover Financial Services,DFS,NYSE
Quest Diagnostics Inc,DGX,NYSE
D.R. Horton Inc,DHI,NYSE
Danaher Corp,DHR,NYSE
Walt Disney,DIS,NYSE
Delek US Holdings Inc,DK,NYSE
Dicks Sporting Goods Inc,DKS,NYSE
Delphi Technologies PLC,DLPH,NYSE
Digital Realty Trust Inc,DLR,NYSE
The Dun & Bradstreet,DNB,NYSE
Now Inc,DNOW,NYSE
Dover Corp,DOV,NYSE
Dow Chemical Co,DOW,NYSE
Douyu ,DOYU,NYSE
Dominos Pizza Inc,DPZ,NYSE
Duke Realty Corp,DRE,NYSE
Darden Restaurants Inc,DRI,NYSE
Dynatrace Inc,DT,NYSE
DTE Energy Co,DTE,NYSE
Duke Energy Corp,DUK,NYSE
DaVita HealthCare Partners Inc,DVA,NYSE
Devon Energy Corp,DVN,NYSE
DXC Technology Co,DXC,NYSE
Brinker Intl.,EAT,NYSE
Emergent BioSolutions Inc,EBS,NYSE
Ecolab Inc,ECL,NYSE
Consolidated Edison Inc,ED,NYSE
New Oriental Education & Techn ADR,EDU,NYSE
Equifax Inc,EFX,NYSE
8x8 Inc,EGHT,NYSE
Encompass Health Corp,EHC,NYSE
Edison International,EIX,NYSE
Estee Lauder Companies Inc,EL,NYSE
Elanco Animal Health Inc,ELAN,NYSE
Ellie Mae Inc,ELLI,NYSE
EMC Corp,EMC,NYSE
Emcor Group Inc,EME,NYSE
Eastman Chemical Co,EMN,NYSE
Emerson Electric Co,EMR,NYSE
Enbridge Inc,ENB,NYSE
Energizer Holdings Inc,ENR,NYSE
EnerSys,ENS,NYSE
EOG Resources Inc,EOG,NYSE
Edgewell Personal Care,EPC,NYSE
Enterprise Products Partners LP,EPD,NYSE
Equity Residential,EQR,NYSE
Eversource Energy,ES,NYSE
Essent Group,ESNT,NYSE
Essex Property Trust Inc,ESS,NYSE
Elastic NV,ESTC,NYSE
Energy Transfer Equity LP,ET,NYSE
Eaton Corp PLC,ETN,NYSE
Entergy Corp,ETR,NYSE
Eaton Vance Corp,EV,NYSE
Enviva Partners LP,EVA,NYSE
Envision Healthcare Holdings Inc,EVHC,NYSE
Evergy Inc,EVRG,NYSE
Edwards Lifesciences Corp,EW,NYSE
Exelon Corp,EXC,NYSE
Extra Space Storage Inc,EXR,NYSE
Ford Motor Co,F,NYSE
First American Financial Corp,FAF,NYSE
Fortune Brands Home & Security Inc,FBHS,NYSE
First BanCorp/Puerto Rico,FBP,NYSE
Four Corners Property Trust,FCPT,NYSE
Freeport-McMoRan Inc,FCX,NYSE
First Data Corp A,FDC,NYSE
Factset Research Systems Inc.,FDS,NYSE
FedEx Corporation,FDX,NYSE
FirstEnergy Corp,FE,NYSE
Fidelity National Information Services Inc,FIS,NYSE
Fitbit,FIT,NYSE
Foot Locker Inc,FL,NYSE
Flowers Foods,FLO,NYSE
Fluor Corp,FLR,NYSE
Flowserve Corp,FLS,NYSE
FleetCor Technologies,FLT,NYSE
FMC Corp,FMC,NYSE
Fidelity National Financial Inc,FNF,NYSE
Franco-Nevada Corp,FNV,NYSE
Shift4 Payments Inc,FOUR,NYSE
First Republic Bank/CA,FRC,NYSE
Federal Realty Investment Trust,FRT,NYSE
Fastly Inc,FSLY,NYSE
Farfetch,FTCH,NYSE
TechnipFMC Plc,FTI,NYSE
Fortive Corporation,FTV,NYSE
Fiverr International ,FVRR,NYSE
GAIN CAPITAL HOLDINGS LTD,GCAP,NYSE
General Dynamics Corp,GD,NYSE
GoDaddy Inc.,GDDY,NYSE
Green Dot Corp,GDOT,NYSE
General Electric Co,GE,NYSE
Greif Inc,GEF,NYSE
Gold Fields Ltd,GFI,NYSE
Goldcorp Inc,GG,NYSE
Gerdau SA,GGB,NYSE
Graham Holdings Co - Class B,GHC,NYSE
CGI Group,GIB,NYSE
General Mills Inc,GIS,NYSE
Glaukos Corp,GKOS,NYSE
Globe Life Inc,GL,NYSE
Global Partners LP,GLP,NYSE
Corning Inc,GLW,NYSE
General Motors Co,GM,NYSE
GameStop Corp New,GME,NYSE
GNC Holdings Inc,GNC,NYSE
Generac Holdings Inc,GNRC,NYSE
Genworth Financial Inc,GNW,NYSE
Gol Linhas Aereas Inteligentes SA,GOL,NYSE
Barrick Gold,GOLD.BARRICK,NYSE
Genuine Parts Co,GPC,NYSE
Group 1 Automotive Inc,GPI,NYSE
Graphic Packaging Holding Co,GPK,NYSE
Global Payments Inc,GPN,NYSE
"Gap, Inc.",GPS,NYSE
W.R Grace,GRA,NYSE
GrubHub Inc,GRUB,NYSE
Goldman Sachs Group Inc,GS,NYSE
GSX Techedu Inc,GSX,NYSE
Guidewire Software Inc,GWRE,NYSE
WW Grainger Inc,GWW,NYSE
Hyatt Hotels Corp,H,NYSE
Haemonetics Corp.,HAE,NYSE
Halliburton Co,HAL,NYSE
Harman International Industries Inc,HAR,NYSE
Hannon Armstrong Sustainable Infrastructure Capital Inc,HASI,NYSE
Hanesbrands Inc,HBI,NYSE
HCA Holdings Inc,HCA,NYSE
Home Depot Inc,HD,NYSE
Heico Corporation,HEI,NYSE
Hess Corp,HES,NYSE
HEXO Corp,HEXO,NYSE
HollyFrontier Corp,HFC,NYSE
Hilton Grand Vacations Inc,HGV,NYSE
The Hartford Financial Services Group Inc,HIG,NYSE
Huntington Ingalls Industries Inc,HII,NYSE
Herbalife,HLF,NYSE
Hilton Worldwide Holdings Inc,HLT,NYSE
Honda,HMC,NYSE
Harmony Gold Mining Co Ltd,HMY,NYSE
Health Net Inc,HNT,NYSE
Harley-Davidson Inc,HOG,NYSE
Honeywell International Inc,HON,NYSE
Starwood Hotels & Resorts Worldwide Inc,HOT,NYSE
Hewlett Packard Enterprise Co,HPE,NYSE
Hewlett Packard,HPQ,NYSE
Hill-Rom Holdings Inc,HRC,NYSE
Herc Holdings,HRI,NYSE
Hormel Foods Corp,HRL,NYSE
HSBC,HSBC,NYSE
Host Hotels & Resorts Inc,HST,NYSE
Hershey Co,HSY,NYSE
Healthcare Trust of America Inc,HTA,NYSE
Hertz Global Holdings Inc,HTZGQ,NYSE
HubSpot,HUBS,NYSE
Hubbell Inc.,HUBb,NYSE
Humana Inc,HUM,NYSE
Huntsman Corp,HUN,NYSE
IBM,IBM,NYSE
Installed Building Products Inc,IBP,NYSE
IDACORP Inc,IDA,NYSE
IDEX Corp,IEX,NYSE
International Flavors & Fragra,IFF,NYSE
Innovative Industrial Properties Inc. A,IIPR,NYSE
Ingram Micro Inc,IM,NYSE
Infosys Limited,INFY,NYSE
Ingredion Inc,INGR,NYSE
Inspire Medical Systems Inc.,INSP,NYSE
World Fuel Services Corp,INT,NYSE
InvenSense,INVN,NYSE
International Paper Co,IP,NYSE
Interpublic Group of Companies Inc,IPG,NYSE
Inphi Corp,IPHI,NYSE
IQVIA Holdings Inc.,IQV,NYSE
Iron Mountain Inc,IRM,NYSE
Gartner Inc,IT,NYSE
Itau Unibanco Holding ADR,ITUB,NYSE
Illinois Tool Works Inc,ITW,NYSE
Jacobs Engineering Group Inc,J,NYSE
Jarden Corp,JAH,NYSE
Jabil Circuit Inc,JBL,NYSE
John Bean Technologies Corp.,JBT,NYSE
Johnson Controls Inc,JCI,NYSE
JC Penney Co Inc,JCP,NYSE
Jefferies Financial Group Inc,JEF,NYSE
Jones Lang Lasalle Inc,JLL,NYSE
Jumei Intl Holdings,JMEI.CH,NYSE
Jumia Technologies AG,JMIA,NYSE
Johnson & Johnson,JNJ,NYSE
Juniper Networks Inc,JNPR,NYSE
JPMorgan Chase & Co,JPM,NYSE
Nordstrom Inc,JWN,NYSE
Kellogg Co,K,NYSE
KB Home,KBH,NYSE
KBR Inc,KBR,NYSE
"Dr Pepper Snapple Group, Inc.",KDP,NYSE
KeyCorp,KEY,NYSE
Keysight Technologies Inc,KEYS,NYSE
Kinross Gold Corp,KGC,NYSE
King Digital Entertainment PLC,KING,NYSE
KKR & Co LP,KKR,NYSE
Kirkland Lake Gold Ltd,KL,NYSE
Kimberly-Clark Corp,KMB,NYSE
Kinder Morgan Inc,KMI,NYSE
Kennametal Inc,KMT,NYSE
CarMax Inc,KMX,NYSE
Kindred Healthcare Inc,KND,NYSE
Knight Transportation Inc,KNX,NYSE
Coca-Cola,KO,NYSE
Kroger Co,KR,NYSE
Kronos Worldwide Inc,KRO,NYSE
Kohls Corp,KSS,NYSE
Kansas City Southern,KSU,NYSE
Loews Corp,L,NYSE
Lithia Motors Inc,LAD,NYSE
Lazard,LAZ,NYSE
L Brands Inc,LB,NYSE
Leidos Holdings Inc,LDOS,NYSE
Lear Corp,LEA,NYSE
Leggett & Platt Inc,LEG,NYSE
Lennar Corp,LEN,NYSE
Levi Strauss & Co. ,LEVI,NYSE
Laboratory Corp Of America Holdings,LH,NYSE
L3Harris,LHX,NYSE
Lennox International Inc,LII,NYSE
Linde PLC,LIN,NYSE
L-3 Communications Holdings Inc,LLL,NYSE
Eli Lilly & Co,LLY,NYSE
Legg Mason,LM,NYSE
Lemonade Inc.,LMND,NYSE
Lockheed Martin Corporation,LMT,NYSE
Lincoln National Corp,LNC,NYSE
LinkedIn Corp,LNKD,NYSE
Alliant Energy Corp,LNT,NYSE
Lowes Companies Inc,LOW,NYSE
Liberty Property Trust,LPT,NYSE
Louisiana-Pacific Corp,LPX,NYSE
Life Storage Inc,LSI,NYSE
LTC Properties Inc.,LTC.US,NYSE
Livent Corp,LTHM,NYSE
CenturyLink Inc,LUMN,NYSE
Southwest Airlines Co,LUV,NYSE
Level 3 Communications Inc,LVLT,NYSE
Las Vegas Sands Corp,LVS,NYSE
Lamb Weston Holdings Inc,LW,NYSE
LyondellBasell Industries NV,LYB,NYSE
Live Nation Entertainment Inc,LYV,NYSE
Macys Inc,M,NYSE
Mastercard,MA,NYSE
Mid-America Apartment,MAA,NYSE
Main Street Capital Corp.,MAIN,NYSE
Manpower Inc Doing Business As ManpowerGroup,MAN,NYSE
Manchester United,MANU,NYSE
Masco Corp,MAS,NYSE
McDonalds,MCD,NYSE
McKesson Corp,MCK,NYSE
Moodys Corp.,MCO,NYSE
MEDNAX Inc.,MD,NYSE
MDC Holdings Inc,MDC,NYSE
Medtronic PLC,MDT,NYSE
MDU Resources Group Inc,MDU,NYSE
Metlife Inc,MET,NYSE
Mizuho Financial Group Inc,MFG,NYSE
MGM Resorts International,MGM,NYSE
Mohawk Industries Inc,MHK,NYSE
Mead Johnson Nutrition Co,MJN,NYSE
McCormick & Co Inc,MKC,NYSE
Markel Corp,MKL,NYSE
Martin Marietta Materials Inc,MLM,NYSE
Marsh & McLennan Cos Inc,MMC,NYSE
Marcus & Millichap,MMI,NYSE
3M,MMM,NYSE
Altria Group Inc,MO,NYSE
Molina Healthcare Inc,MOH,NYSE
Monsanto Co,MON,NYSE
Mosaic Co,MOS,NYSE
Marathon Petroleum Corporation,MPC,NYSE
Medical Properties Trust Inc,MPW,NYSE
Merck,MRK,NYSE
Marathon Oil Corp,MRO,NYSE
Morgan Stanley,MS,NYSE
MSCI Inc,MSCI,NYSE
"Motorola Solutions, Inc.",MSI,NYSE
M&T Bank Corporation,MTB,NYSE
Mettler-Toledo International Inc,MTD,NYSE
Matador Resources Co,MTDR,NYSE
Meritage Homes Corp,MTH,NYSE
Vail Resorts Inc,MTN,NYSE
Meritor Inc,MTOR,NYSE
Manitowoc Co Inc,MTW,NYSE
MasTec Inc,MTZ,NYSE
Mitsubishi UFJ Financial Group Inc,MUFG,NYSE
Murphy Oil Corp,MUR,NYSE
Murphy USA Inc,MUSA,NYSE
MUELLER WATER PRODUCTS,MWA,NYSE
MagnaChip Semiconductor Corp.,MX,NYSE
Maxlinear Inc,MXL,NYSE
Navistar International Corp,NAV,NYSE
Noble Energy Inc,NBL,NYSE
Norwegian Cruise Line Holdings,NCLH,NYSE
NCR Corp,NCR,NYSE
NextEra Energy Inc,NEE,NYSE
Newmont Mining Corp,NEM,NYSE
NextEra Energy Partners LP,NEP,NYSE
New Relic,NEWR,NYSE
Nisource Inc,NI,NYSE
Nio Inc.,NIO,NYSE
NIKE,NKE,NYSE
Nielsen N.V.,NLSN,NYSE
Annaly Capital Management Inc,NLY,NYSE
Northrop Grumman Corp,NOC,NYSE
Nokia Oyj,NOK,NYSE
Nomad Foods Ltd,NOMD,NYSE
National Oilwell Varco Inc,NOV,NYSE
Sunnova Energy International Inc,NOVA,NYSE
ServiceNow Inc,NOW,NYSE
NeoPhotonics Corp.,NPTN,NYSE
NRG Energy Inc,NRG,NYSE
Norfolk Southern Corp,NSC,NYSE
Insperity Inc,NSP,NYSE
Northern Tier Energy LP,NTI,NYSE
Nucor Corp,NUE,NYSE
NVR Inc,NVR,NYSE
Nevro Corp,NVRO,NYSE
Novartis ADR,NVS,NYSE
Invitae Corp,NVTA,NYSE
Realty Income Corp,O,NYSE
Orbital ATK Inc,OA,NYSE
Oasis Petroleum Inc,OAS,NYSE
Owens Corning Inc,OC,NYSE
Omega Healthcare Investors Inc,OHI,NYSE
Owens-Illinois Inc,OI,NYSE
Oi SA,OIBR,NYSE
ONEOK Inc (New),OKE,NYSE
Olin Corp,OLN,NYSE
Omnicom Group Inc,OMC,NYSE
Owens & Minor Inc,OMI,NYSE
Ormat Technologies Inc.,ORA.US,NYSE
Oracle Corporation,ORCL,NYSE
Old Republic International Corp,ORI,NYSE
Oshkosh Corp,OSK,NYSE
Outfront Media,OUT,NYSE
Ovintiv Inc,OVV,NYSE
Occidental Petroleum Corp,OXY,NYSE
Pandora Media,P,NYSE
Penske Automotive Group Inc,PAG,NYSE
Plains GP Holdings LP,PAGP,NYSE
Pagseguro Digital Ltd,PAGS,NYSE
Pampa Energia S.A.,PAM,NYSE
Palo Alto Networks,PANW,NYSE
Paycom Software Inc,PAYC,NYSE
PBF Energy Inc,PBF,NYSE
Petroleo Brasileiro SA Petrobras,PBR,NYSE
Petroleo Brasileiro ADR,PBR.A,NYSE
PG&E Corp,PCG,NYSE
Precision Castparts Corp,PCP,NYSE
Parsley Energy Inc A,PE,NYSE
Pebblebrook Hotel Trust,PEB,NYSE
Public Service Enterprise Group Inc,PEG,NYSE
Penumbra Inc,PEN,NYSE
Pinnacle Foods,PF,NYSE
Pfizer,PFE,NYSE
Performance Food Group Co.,PFGC,NYSE
Procter & Gamble Co,PG,NYSE
Progressive Corp,PGR,NYSE
Parker-Hannifin Corp,PH,NYSE
PulteGroup Inc,PHM,NYSE
Polaris Industries Inc,PII,NYSE
Pinterest Inc,PINS,NYSE
Packaging Corp of America,PKG,NYSE
PerkinElmer Inc,PKI,NYSE
Anaplan Inc,PLAN,NYSE
Prologis Inc,PLD,NYSE
Planet Fitness Inc,PLNT,NYSE
Palantir,PLTR,NYSE
Philip Morris International Inc,PM,NYSE
PNC Financial Services Group Inc,PNC,NYSE
Pentair PLC,PNR,NYSE
Pepco Holdings Inc,POM,NYSE
Post holdings,POST,NYSE
Potash Corporation of Saskatchewan,POT,NYSE
PPG Industries Inc,PPG,NYSE
PPL Corp,PPL,NYSE
Prog Holdings Inc,PRG,NYSE
Perrigo Company,PRGO,NYSE
Prudential Financial Inc,PRU,NYSE
Public Storage,PSA,NYSE
Phillips 66,PSX,NYSE
PVH Corp,PVH,NYSE
Quanta Services Inc,PWR,NYSE
Praxair Inc,PX,NYSE
Pioneer Natural Resources Company,PXD,NYSE
Qudian Inc.,QD,NYSE
QEP Resources Inc,QEP,NYSE
Qihoo 360 Technology,QIHU.CH,NYSE
Restaurant Brands International Inc.,QSR,NYSE
Q2 Holdings Inc,QTWO,NYSE
Ryder System Inc,R,NYSE
Ferrari NV,RACE,NYSE
Rite Aid Corp,RAD,NYSE
Reynolds American Inc,RAI,NYSE
Royal Caribbean Cruises Ltd,RCL,NYSE
Radian Group Inc,RDN,NYSE
Royal Dutch ADR,RDS.A,NYSE
Royal Dutch Shell Shs -B- Sponsored American Deposit Receipt Repr 2 Shs B,RDS.B,NYSE
Everest Re Group Ltd,RE,NYSE
Renren Inc.,RENN,NYSE
Rexford Industrial Realty Inc,REXR,NYSE
Regions Financial Corp,RF,NYSE
Resolute Forest Products Inc,RFP,NYSE
Reinsurance Group America Inc,RGA,NYSE
RH,RH,NYSE
Robert Half International Inc,RHI,NYSE
Red Hat,RHT,NYSE
Transocean LTD,RIG,NYSE
Rio Tinto PLC ADR,RIO,NYSE
Raymond James Financial Inc,RJF,NYSE
Ralph Lauren Corp,RL,NYSE
Realogy Holdings Corp,RLGY,NYSE
RE/MAX Holdings,RMAX,NYSE
ResMed Inc,RMD,NYSE
RingCentral Inc,RNG,NYSE
Renaissancere Holdings,RNR,NYSE
Rockwell Automation Inc,ROK,NYSE
Roper Technologies Inc,ROP,NYSE
RPM International Inc,RPM,NYSE
R.R.Donnelley & Sons Co,RRD,NYSE
Reliance Steel And Aluminum Co,RS,NYSE
Republic Services Inc,RSG,NYSE
Rosetta Stone Inc.,RST,NYSE
Raytheon Co,RTN,NYSE
Raytheon-Technologies,RTX,NYSE
Revolve Group Inc,RVLV,NYSE
Redwood Trust Inc,RWT,NYSE
Royal Bank of Canada,RY,NYSE
Sprint Corporation,S,NYSE
Sonic Automotive Inc,SAH,NYSE
SailPoint Technologies Holding Inc,SAIL,NYSE
Boston Beer Co Inc,SAM,NYSE
Banco Santander SA (US),SAN,NYSE
Spirit Airlines,SAVE,NYSE
Sally Beauty,SBH,NYSE
Cia de Saneamento Basico do Estado de Sao Paulo,SBS,NYSE
Southern Copper Corp,SCCO,NYSE
SCANA Corp,SCG,NYSE
Charles Schwab Corp,SCHW,NYSE
Service Corp Intl,SCI,NYSE
Sea Ltd,SE,NYSE
Spectra Energy Corp,SE.delisted,NYSE
SeaWorld Entertainment Inc,SEAS,NYSE
Sealed Air Corp,SEE,NYSE
Shake Shack Inc,SHAK,NYSE
Shopify Inc.,SHOP,NYSE
Sherwin-Williams Co,SHW,NYSE
Siemens,SI,NYSE
Signet Jewelers Limited (us),SIG,NYSE
Six Flags,SIX,NYSE
JM Smucker Co,SJM,NYSE
SK Telecom Co Ltd,SKM,NYSE
Tanger Factory Outlet Centers Inc,SKT,NYSE
Schlumberger Ltd,SLB,NYSE
SM Energy Co,SM,NYSE
Smartsheet Inc,SMAR,NYSE
Scotts Miracle-Gro Company,SMG,NYSE
Snapchat Inc,SNAP,NYSE
Sony,SNE,NYSE
Snowflake Inc.,SNOW,NYSE
Synnex Corp,SNX,NYSE
Southern Co,SO,NYSE
Sonoco Products Co,SON,NYSE
Spectrum Brands Holdings Inc.,SPB,NYSE
Virgin Galactic Holdings Inc,SPCE,NYSE
Simon Property Group Inc,SPG,NYSE
S&P Global Inc,SPGI,NYSE
Superior Energy Services Inc,SPN,NYSE
Spotify ,SPOT,NYSE
Spirit AeroSystems Holdings Inc,SPR,NYSE
"Square, Inc.",SQ,NYSE
Sempra Energy,SRE,NYSE
Sensata Technologies Holding N.V.,ST,NYSE
STAG Industrial Inc.,STAG,NYSE
STERIS PLC,STE,NYSE
Suntrust Banks Inc,STI,NYSE
St Jude Medical Inc,STJ,NYSE
Store Capital Corp.,STOR,NYSE
State Street Corp,STT,NYSE
Constellation Brands Inc.,STZ,NYSE
Suncor Energy Inc.,SU,NYSE
Sun Communities Inc,SUI,NYSE
Summit Materials Inc,SUM,NYSE
Suzano SA,SUZ,NYSE
Supervalu Inc,SVU,NYSE
Stanley Black & Decker Inc,SWK,NYSE
Southwestern Energy Co,SWN,NYSE
Sensient Technologies Corp,SXT,NYSE
Synchrony Financial,SYF,NYSE
Stryker Corp,SYK,NYSE
Sysco Corp,SYY,NYSE
AT&T Inc,T,NYSE
Takeda Pharmaceutical Co Ltd,TAK,NYSE
TAL Education Group ADR,TAL,NYSE
Molson Coors Brewing Co,TAP,NYSE
Toronto-Dominion Bank/The,TD,NYSE
Transdigm Group Incorporated,TDG,NYSE
Teladoc Health Inc,TDOC,NYSE
Telephone And Data Systems Inc,TDS,NYSE
Telefonica SA (US),TEF,NYSE
TE Connectivity Ltd,TEL.US,NYSE
Telecom Argentina SA,TEO,NYSE
Teva Pharmaceutical Industries ADR,TEVA,NYSE
Truist Financial,TFC,NYSE
Teleflex Inc,TFX,NYSE
Target Corp,TGT,NYSE
Tenet Healthcare Corp,THC,NYSE
The Hanover Insurance Group Inc,THG,NYSE
Thor Industries Inc,THO,NYSE
TreeHouse Foods Inc.,THS,NYSE
Tiffany & Co,TIF,NYSE
TJX Companies Inc,TJX,NYSE
Toyota,TM,NYSE
Tencent Music Entertainment Group,TME,NYSE
Taylor Morrison Home Corp,TMHC,NYSE
Thermo Fisher Scientific Inc,TMO,NYSE
Terminix Global Holdings Inc,TMX,NYSE
Travel + Leisure Co,TNL,NYSE
Toll Brothers Inc,TOL,NYSE
Tutor Perini Corp,TPC,NYSE
TRI Pointe Group,TPH,NYSE
"Tapestry, Inc",TPR,NYSE
Tempur Sealy,TPX,NYSE
Trex Co Inc,TREX,NYSE
Targa Resources Corp,TRGP,NYSE
TransUnion,TRU,NYSE
Travelers,TRV,NYSE
Taiwan Semiconductor Manufacturing Co Ltd - ADR,TSM,NYSE
Tyson Foods Inc,TSN,NYSE
Total System Services Inc,TSS,NYSE
Trane Technologies,TT,NYSE
Tata Motors Shs Sponsored American Deposit Receipt Repr 5 Shs,TTM,NYSE
"Grupo Televisa, S.A.B.",TV,NYSE
Travelport,TVPT,NYSE
Time Warner Cable Inc,TWC,NYSE
Twilio Inc A,TWLO,NYSE
Twitter,TWTR,NYSE
Time-Warner,TWX,NYSE
Ternium SA,TX,NYSE
Textron Inc,TXT,NYSE
Unity Software Inc.,U,NYSE
Under Armour,UA,NYSE
Uber,UBER,NYSE
UDR Inc,UDR,NYSE
UGI Corp,UGI,NYSE
Universal Health Services Inc,UHS,NYSE
United Natural Foods Inc,UNFI,NYSE
UnitedHealth,UNH,NYSE
Unum Group,UNM,NYSE
Union Pacific Corp,UNP,NYSE
United Parcel Service Inc,UPS,NYSE
United Rentals Inc,URI,NYSE
US Bancorp,USB,NYSE
US Foods Holding Corp.,USFD,NYSE
USG Corporation,USG,NYSE
Universal Corp/VA,UVV,NYSE
Visa,V,NYSE
Marriott Vacations Worldwide Corp,VAC,NYSE
Valspar Corp,VAL,NYSE
Vale SA,VALE,NYSE
Varian Medical Systems,VAR,NYSE
Veeva Systems Inc A,VEEV,NYSE
VF Corp,VFC,NYSE
VIACOMCBS,VIAC,NYSE
Vipshop,VIPS,NYSE
Valero Energy Corp,VLO,NYSE
Vulcan Materials Co,VMC,NYSE
VMware,VMW,NYSE
Vornado Realty Trust,VNO,NYSE
Vivint Solar Inc.,VSLR,NYSE
Versum Materials Inc,VSM,NYSE
Vistra Energy Corp,VST,NYSE
Vista Outdoor Inc.,VSTO,NYSE
Ventas Inc,VTR,NYSE
Verizon,VZ,NYSE
Wayfair Inc.,W,NYSE
Wabtec Corp,WAB,NYSE
Waters Corporation,WAT,NYSE
WABCO Holdings,WBC,NYSE
Welbilt Inc,WBT,NYSE
WESCO International Inc,WCC,NYSE
Wellcare Health Plans Inc,WCG,NYSE
Wisconsin Energy Corp,WEC,NYSE
Welltower Inc,WELL,NYSE
Wells Fargo & Co,WFC,NYSE
Weatherford International plc,WFT,NYSE
Winnebago Industries Inc.,WGO,NYSE
Whirlpool Corp,WHR,NYSE
Westlake Chemical Corp,WLK,NYSE
Whiting Petroleum Corp,WLL,NYSE
Waste Management Inc,WM,NYSE
Williams Companies Inc,WMB,NYSE
Wal-Mart,WMT,NYSE
Western Refining Inc,WNR,NYSE
Slack Technologies Inc,WORK,NYSE
World Pay Inc,WP,NYSE
WP Carey Inc,WPC,NYSE
Wheaton Precious Metals Corp,WPM,NYSE
Westrock Co,WRK,NYSE
Williams-Sonoma Inc,WSM,NYSE
Watsco Inc,WSO,NYSE
West Pharmaceutical Services Inc,WST,NYSE
Essential Utilities Inc,WTR,NYSE
Western Union Company,WU,NYSE
58.com Inc,WUBA,NYSE
Weyerhaeuser Co,WY,NYSE
United States Steel Corp,X,NYSE
Cimarex Energy Co,XEC,NYSE
Exxon-Mobil,XOM,NYSE
XPO Logistics Inc,XPO,NYSE
Xerox Corp,XRX,NYSE
22nd Century Group Inc.,XXII,NYSE
Xylem Inc,XYL,NYSE
Alleghany Corp,Y,NYSE
Yelp Inc.,YELP,NYSE
Yum Brands Inc,YUM,NYSE
Yum China Holdings Inc,YUMC,NYSE
Zayo Group Holdings Inc,ZAYO,NYSE
Zimmer Biomet Holdings Inc,ZBH,NYSE
Zendesk,ZEN,NYSE
ZEPP Health Corp.,ZEPP,NYSE
ZTO Express Cayman Inc,ZTO,NYSE
Zoetis,ZTS,NYSE
Covestro,1COV.DE,Frankfurt
ADO Properties SA,ADJ.DE,Frankfurt
Adidas AG,ADS.DE,Frankfurt
Carl Zeiss Meditec AG,AFX.DE,Frankfurt
AIXTRON,AIXA.DE,Frankfurt
Allianz SE,ALV.DE,Frankfurt
alstria office REIT-AG,AOX.DE,Frankfurt
Aareal Bank,ARL.DE,Frankfurt
Aroundtown SA,AT1.DE,Frankfurt
METRO AG,B4B.DE,Frankfurt
BASF SE,BAS.DE,Frankfurt
Bayer AG,BAYN.DE,Frankfurt
Bechtle AG,BC8.DE,Frankfurt
Beiersdorf AG,BEI.DE,Frankfurt
Bayerische Motoren Werke Aktiengesellschaft,BMW.DE,Frankfurt
Brenntag,BNR.DE,Frankfurt
HUGO BOSS,BOSS.DE,Frankfurt
Hugo Boss AG,BOSSd.DE,Frankfurt
Commerzbank AG,CBK.DE,Frankfurt
Ceconomy St,CEC.DE,Frankfurt
Continental AG,CON.DE,Frankfurt
CompuGroup Medical SE,COP.DE,Frankfurt
Daimler AG,DAI.DE,Frankfurt
Deutsche Boerse AG,DB1.DE,Frankfurt
Deutsche Euroshop,DEQ.DE,Frankfurt
Delivery Hero SE,DHER.DE,Frankfurt
Dialog Semiconductor,DLG.DE,Frankfurt
Deutsche Post AG,DPW.DE,Frankfurt
Drillisch,DRI.DE,Frankfurt
Deutsche Telekom AG,DTE.DE,Frankfurt
Duerr AG,DUE.DE,Frankfurt
Deutsche Wohnen,DWNI.DE,Frankfurt
DWS Group GmbH & Co KGaA,DWS.DE,Frankfurt
E.ON SE,EOAN.DE,Frankfurt
CTS Eventim,EVD.DE,Frankfurt
Evonik,EVK.DE,Frankfurt
EVOTEC,EVT.DE,Frankfurt
Fielmann AG,FIE.DE,Frankfurt
Fresenius Medical Care AG & Co. KGAA,FME.DE,Frankfurt
freenet,FNTN.DE,Frankfurt
Fraport AG Frankfurt Airport S,FRA.DE,Frankfurt
Fresenius SE & Co KGaA,FRE.DE,Frankfurt
GEA,G1A.DE,Frankfurt
Scout24 AG,G24.DE,Frankfurt
Bilfinger,GBF.DE,Frankfurt
GRENKE AG,GLJ.DE,Frankfurt
Gerresheimer,GXI.DE,Frankfurt
Grand City Properties,GYC.DE,Frankfurt
Heidelberger Druckmaschinen AG,HDD.DE,Frankfurt
HeidelbergCement AG,HEI.DE,Frankfurt
Henkel AG & Co. KGaA,HEN3.DE,Frankfurt
HelloFresh SE,HFG.DE,Frankfurt
Hapag-Lloyd,HLAG.DE,Frankfurt
Hella,HLE.DE,Frankfurt
Hannover Rueck SE,HNR1.DE,Frankfurt
HOCHTIEF AG,HOT.DE,Frankfurt
Infineon Technologies AG,IFX.DE,Frankfurt
Innogy SE,IGY.DE,Frankfurt
Jenoptik,JEN.DE,Frankfurt
Jungheinrich Aktie,JUN3.DE,Frankfurt
Knorr-Bremse AG,KBX.DE,Frankfurt
KION GROUP,KGX.DE,Frankfurt
Krones AG,KRN.DE,Frankfurt
LEG Immobilien AG,LEG.DE,Frankfurt
LEONI,LEO.DE,Frankfurt
Deutsche Lufthansa Aktiengesellschaft,LHA.DE,Frankfurt
Linde Aktiengesellschaft,LNA.DE,Frankfurt
LANXESS,LXS.DE,Frankfurt
Lanxess AG,LXSd.DE,Frankfurt
MorphoSys,MOR.DE,Frankfurt
Merck KGaA,MRK.DE,Frankfurt
MTU Aero Engines AG,MTX.DE,Frankfurt
Muenchener Rueckvrschrng Gslchft AG Mnch,MUV2.DE,Frankfurt
Aurubis AG,NDA.DE,Frankfurt
Nordex,NDX1.DE,Frankfurt
Nemetschek SE,NEM.DE,Frankfurt
Telefonica Deutschland Holding AG,O2D.DE,Frankfurt
OSRAM,OSR.DE,Frankfurt
Porsche Automobil Holding SE,PAH3.DE,Frankfurt
PATRIZIA AG,PAT.DE,Frankfurt
ProSiebenSat.1 Media SE,PSM.DE,Frankfurt
PUMA AG,PUM.DE,Frankfurt
QIAGEN,QGEN.DE,Frankfurt
Rational AG,RAA.DE,Frankfurt
Rheinmetall AG,RHM.DE,Frankfurt
Rocket Internet,RKET.DE,Frankfurt
RTL,RRTL.DE,Frankfurt
RWE AG,RWE.DE,Frankfurt
SMA Solar Technology AG,S92.DE,Frankfurt
S&T AG,SANT.DE,Frankfurt
SAP AG,SAP.DE,Frankfurt
Stroeer SE & Co KGaA,SAX.DE,Frankfurt
STADA,SAZ.DE,Frankfurt
K+S Aktiengesellschaft,SDF.DE,Frankfurt
SGL Carbon,SGL.DE,Frankfurt
Schaeffler,SHA.DE,Frankfurt
Siemens Healthineers AG,SHL.DE,Frankfurt
Siemens Aktiengesellschaft,SIE.DE,Frankfurt
SIXT SE,SIX2.DE,Frankfurt
Software,SOW.DE,Frankfurt
Axel Springer SE,SPR.DE,Frankfurt
Sartorius AG,SRT.DE,Frankfurt
Symrise,SY1.DE,Frankfurt
Salzgitter,SZG.DE,Frankfurt
Suedzucker,SZU.DE,Frankfurt
TAG Immobilien,TEG.DE,Frankfurt
ThyssenKrupp AG,TKA.DE,Frankfurt
TLG Immobilien AG,TLG.DE,Frankfurt
Talanx AG,TLX.DE,Frankfurt
TeamViewer AG,TMV.DE,Frankfurt
Uniper,UN01.DE,Frankfurt
United Internet,UTDI.DE,Frankfurt
Varta AG,VAR1.DE,Frankfurt
Vonovia SE,VNA.DE,Frankfurt
Voestalpine AG,VOE.DE,Frankfurt
Volkswagen AG,VOW3.DE,Frankfurt
Siltronic,WAF.DE,Frankfurt
Wacker Chemie AG,WCH.DE,Frankfurt
Wirecard,WDI.DE,Frankfurt
Zalando,ZAL.DE,Frankfurt
ElringKlinger,ZIL2.DE,Frankfurt
3i Infrastructure PLC,3IN.L,London
888 Holdings,888.L,London
AA PLC,AA.L,London
Anglo American,AAL.L,London
Associated British Foods,ABF.L,London
Acacia Mining PLC,ACA.L,London
Admiral Group,ADM.L,London
Aberdeen Asset Management,ADN.L,London
Aggreko,AGK.L,London
Assura PLC,AGR.L,London
Ashtead Group,AHT.L,London
Amec Foster Wheeler Plc,AMFW.L,London
Aston Martin Lagonda Global Holdings PLC,AML.L,London
Antofagasta,ANTO.L,London
ARM Holdings,ARM.L,London
ASOS PLC,ASC.L,London
Ascential PLC,ASCL.L,London
Ashmore Group PLC,ASHM.L,London
Tatneft OAO,ATADL.L,London
Alliance Trust PLC,ATST.L,London
Auto Trader Group PLC,AUTO.L,London
Aviva,AV.L,London
Avast PLC,AVST.L,London
AVEVA Group PLC,AVV.L,London
AstraZeneca,AZN.L,London
BAE Systems,BA.L,London
Babcock International,BAB.L,London
A.G. Barr PLC,BAG.L,London
Bakkavor,BAKK.L,London
Barclays,BARC.L,London
British American Tobacco,BATS.L,London
Tritax Big Box REIT Plc,BBOX.L,London
Balfour Beatty PLC,BBY.L,London
BCA Marketplace,BCA.L,London
BMO Commercial Property Trust Ltd,BCPT.L,London
Barratt Developments,BDEV.L,London
Beazley PLC,BEZ.L,London
BG Group,BG.L,London
BGEO Group PLC,BGEO.L,London
BHP Billiton,BHP.L,London
Berkeley Group Holdings PLC,BKG.L,London
British Land,BLND.L,London
B&M European Value Retail SA,BME.L,London
Bunzl,BNZL.L,London
Bodycote PLC,BOY.L,London
BP,BP.L,London
Burberry Group,BRBY.L,London
Brewin Dolphin Holdings PLC,BRW.L,London
BT Group,BT.L,London
BTG PLC,BTG.L,London
Britvic PLC,BVIC.L,London
N Brown Group PLC,BWNG.L,London
Bellway PLC,BWY.L,London
Big Yellow Group PLC,BYG.L,London
Capital & Counties Properties PLC,CAPC.L,London
Card Factory PLC,CARD.L,London
Close Brothers Group PLC,CBG.L,London
Computacenter PLC,CCC.L,London
Charter Court Financial Services,CCFS.L,London
Coca Cola Hellenic,CCH.L,London
Carnival,CCL.L,London
Centamin PLC,CEY.L,London
Cineworld Group PLC,CINE.L,London
Clarkson PLC,CKN.L,London
CMC MARKETS PLC,CMCX,London
Centrica,CNA.L,London
Cairn Energy PLC,CNE.L,London
Coats Group PLC,COA.L,London
Cobham PLC,COB.L,London
Compass Group,CPG.L,London
Capita,CPI.L,London
Croda International,CRDA.L,London
CRH,CRH.L,London
Crest Nicholson Holdings plc,CRST.L,London
Countryside Properties PLC,CSP.L,London
ConvaTec,CTEC.L,London
City of London Investment Trust PLC,CTY.L,London
Cranswick PLC,CWK.L,London
Dixons Carphone PLC,DC.L,London
DCC PLC,DCC.L,London
Dairy Crest Group PLC,DCG.L,London
Diageo,DGE.L,London
Edinburgh Dragon Trust,DGN.L,London
Direct Line Group,DLG.L,London
Derwent London PLC,DLN.L,London
Daily Mail plc,DMGT.L,London
Dunelm Group PLC,DNLM.L,London
Domino's Pizza Group PLC,DOM.L,London
Dechra Pharmaceuticals PLC,DPH.L,London
Diploma PLC,DPLM.L,London
Drax Group PLC,DRX.L,London
Dignity PLC,DTY.L,London
Electrocomponents PLC,ECM.L,London
Elementis PLC,ELM.L,London
Man Group PLC,EMG.L,London
Entain PLC,ENT.L,London
Equiniti,EQN.L,London
Euromoney Institutional Investor PLC,ERM.L,London
Essentra PLC,ESNT.L,London
esure Group PLC,ESUR.L,London
Entertainment One Ltd,ETO.L,London
Evraz PLC,EVR.L,London
Experian,EXPN.L,London
easyJet,EZJ.L,London
Foreign & Colonial Investment Trust PLC,FCIT.L,London
FDM Group Holdings PLC,FDM.L,London
Fidessa Group PLC,FDSA.L,London
Ferguson PLC,FERG.L,London
Fevertree Drinks PLC,FEVR.L,London
Firstgroup PLC,FGP.L,London
Paddy Power Betfair,FLTR.L,London
Frasers Group,FRAS,London
Fresnillo,FRES.L,London
James Fisher & Sons PLC,FSJ.L,London
Ferrexpo PLC,FXPO.L,London
Games Workshop,GAW.L,London
Galliford Try PLC,GFRD.L,London
G4S,GFS.L,London
Grafton Group PLC,GFTU.L,London
GKN,GKN.L,London
Glanbia Plc,GLB.L.GBX,London
Glencore Plc,GLEN.L,London
ContourGlobal,GLO.L,London
Greencore Group PLC,GNC.L,London
Greene King PLC,GNK.L,London
Genus PLC,GNS.L,London
Go-Ahead Group PLC,GOG.L,London
Great Portland Estates PLC,GPOR.L,London
Greggs PLC,GRG.L,London
Grainger PLC,GRI.L,London
GlaxoSmithKline,GSK.L,London
Genesis Emerging Markets Fund Ltd,GSS.L,London
Hays PLC,HAS.L,London
Halfords Group PLC,HFD.L,London
HICL Infrastructure Co Ltd,HICL.L,London
Hikma Pharmaceuticals PLC,HIK.L,London
Hill & Smith Holdings PLC,HILS.L,London
Hargreaves Lansdown,HL.L,London
Halma PLC,HLMA.L,London
Hammerson,HMSO.L,London
Hochschild Mining PLC,HOC.L,London
HSBC Holdings,HSBA.L,London
Hastings Group Holdings PLC,HSTG.L,London
Hansteen Holdings PLC,HSTN.L,London
HomeServe PLC,HSV.L,London
Hiscox Ltd,HSX.L,London
Hunting PLC,HTG.L,London
HarbourVest Global Private Equity Ltd,HVPE.L,London
Howden Joinery Group PLC,HWDN.L,London
International Consolidated Airlines,IAG.L,London
Ibstock PLC,IBST.L,London
Intermediate Capital Group PLC,ICP.L,London
IG Group Holdings PLC,IGG.L,London
InterContinental Hotels Group,IHG.L,London
3i Group PLC,III,London
Imperial Brands PLC,IMB.L,London
IMI,IMI.L,London
Inchcape PLC,INCH.L,London
Indivior PLC,INDV.L,London
Informa,INF.L,London
International Public Partnerships Ltd,INPP.L,London
Intu Properties PLC,INTU.L,London
Investec PLC,INVP.L,London
IP Group PLC,IPO.L,London
Inmarsat PLC,ISAT.L,London
Intertek Group,ITRK.L,London
ITV,ITV.L,London
IWG PLC,IWG.L,London
JD Sports Fashion PLC,JD.L,London
J D Wetherspoon PLC,JDW.L,London
Just Eat PLC,JE.L,London
Jupiter European Opportunities Trust,JEO.L,London
John Laing Group PLC,JLG.L,London
Jardine Lloyd Thompson Group PLC,JLT.L,London
Johnson Matthey,JMAT.L,London
Jupiter Fund Management PLC,JUP.L,London
Just Group PLC,JUST.L,London
KAZ Minerals PLC,KAZ.L,London
Kingfisher,KGF.L,London
Kier Group PLC,KIE.L,London
KazMunaiGas Exploration Production JSC,KMGL.L,London
Kingspan Group Plc,KSP.L.GBX,London
Kerry Group Plc,KYG.L.GBX,London
Land Securities,LAND.L,London
Legal & General,LGEN.L,London
Lukoil OAO,LKODL.L,London
Lloyd's,LLOY.L,London
LondonMetric Property PLC,LMP.L,London
Lancashire Holdings Ltd,LRE.L,London
London Stock Exchange,LSE.L,London
Mitchells & Butlers PLC,MAB.L,London
Marston's PLC,MARS.L,London
Micro Focus International PLC,MCRO.L,London
McCarthy & Stone PLC,MCS.L,London
Mediclinic International PLC,MDC.L,London
Merlin Entertainments,MERL.L,London
MegaFon OAO,MFONL.L,London
Morgan Advanced Materials PLC,MGAM.L,London
Meggitt,MGGT.L,London
Magnit PJSC,MGNTL.L,London
Marks & Spencer,MKS.L,London
Millennium & Copthorne Hotels PLC,MLC.L,London
Mondi,MNDI.L,London
Monks Investment Trust PLC,MNKS.L,London
MMC Norilsk Nickel OJSC,MNODL.L,London
Moneysupermarket.com Group PLC,MONY.L,London
Mercantile Investment Trust PLC,MRC.L,London
Melrose Industries,MRO.L,London
Morrisons,MRW.L,London
Marshalls PLC,MSLH.L,London
Mitie Group PLC,MTO.L,London
Metro Bank PLC,MTRO.L,London
National Express Group PLC,NEX.L,London
National Grid,NG.L,London
NMC Health PLC,NMC,London
Nostrum Oil & Gas PLC,NOG.L,London
NewRiver REIT PLC,NRR.L,London
NOVATEK OAO,NVTKL.L,London
Natwest Group PLC,NWG.L,London
NEX Group PLC,NXG.L,London
Next,NXT.L,London
Ocado Group PLC,OCDO.L,London
Gazprom OAO,OGZDL.L,London
Old Mutual,OML.L,London
OneSavings Bank PLC,OSB.L,London
On the Beach,OTB.L,London
Paragon Group of Cos PLC,PAG.L,London
Pagegroup PLC,PAGE.L,London
PayPoint PLC,PAY.L,London
Petra Diamonds Ltd,PDL.L,London
Pets at Home Group Plc,PETS.L,London
Petrofac,PFC.L,London
Provident Financial,PFG.L,London
Phoenix Group Holdings,PHNX.L,London
PhosAgro OAO,PHORL.L,London
Primary Health Properties,PHP.L,London
Pantheon International,PIN.L,London
Perpetual Income and Growth Investment T,PLI.L,London
Polypipe Group plc,PLP.L,London
PLUS 500 LTD,PLUS,London
Pennon Group PLC,PNN.L,London
Polymetal International PLC,POLY.L,London
Prudential,PRU.L,London
Pershing Square Holdings Ltd,PSH.L,London
Persimmon,PSN.L,London
Pearson,PSON.L,London
Playtech Plc,PTEC.L,London
Purecircle,PURE.L,London
PZ Cussons PLC,PZC.L,London
Quilter PLC,QLT.L,London
QinetiQ Group PLC,QQ.L,London
Rathbone Brothers PLC,RAT.L,London
Reckitt Benckiser,RB.L,London
RIT Capital Partners PLC,RCP.L,London
Redefine International PLC,RDI.L,London
Royal Dutch Shell,RDSA.L,London
Royal Dutch Shell B,RDSB.L,London
Redrow PLC,RDW.L,London
Redde Northgate PLC,REDD.L,London
RELX PLC,REL.L,London
REXAM,REX.L,London
RHI Magnesita,RHIM.L,London
Rio Tinto,RIO.L,London
Royal Mail,RMG.L,London
Rightmove PLC,RMV.L,London
Rank Group PLC,RNK.L,London
Rotork PLC,ROR.L,London
Rosneft OAO,ROSNL.L,London
RPC Group PLC,RPC.L,London
Rolls-Royce,RR.L,London
Randgold Resources,RRS.L,London
RSA Insurance,RSA.L,London
Resolution,RSL.L,London
Renishaw PLC,RSW.L,London
Restaurant Group PLC,RTN.L,London
Rentokil Initial PLC,RTO.L,London
Renewi,RWI.L,London
Ryanair Holdings PLC,RYyA.L.OLD,London
Ryanair,Ryanair,London
SABMiller,SAB.L,London
Safestore Holdings PLC,SAFE.L,London
Saga PLC,SAGA.L,London
Sberbank of Russia,SBERL.L,London
Sainsbury (J),SBRY.L,London
Softcat PLC,SCT.L,London
Schroder AsiaPacific Fund,SDP.L,London
Schroders,SDR.L,London
Superdry,SDRY.L,London
Sequoia Economic Infrastructure Income Fund,SEQI.L,London
Stagecoach Group PLC,SGC.L,London
Sage Group,SGE.L,London
Surgutneftegas OAO,SGGDL.L,London
Segro,SGRO.L,London
Shaftesbury PLC,SHB.L,London
SIG PLC,SHI.L,London
Shire,SHP.L,London
Signature Aviation PLC,SIG.L,London
Smurfit Kappa Group,SKG.L,London
Sky PLC,SKY.L,London
Standard Life Aberdeen PLC,SLA.L,London
DS Smith PLC,SMDS.L,London
Smiths Group,SMIN.L,London
St Modwen Properties PLC,SMP.L,London
Samsung Electronics Co Ltd,SMSN.L,London
Scottish Mortgage Investment Trust,SMT.L,London
WH Smith PLC,SMWH.L,London
Smith & Nephew,SN.L,London
Sanne Group PLC,SNN.L,London
Senior PLC,SNR.L,London
Sophos Group PLC,SOPH.L,London
Spire Healthcare Group PLC,SPI.L,London
Spirent Communications PLC,SPT.L,London
Spirax-Sarco Engineering PLC,SPX.L,London
Serco Group PLC,SRP.L,London
SSE,SSE.L,London
SSP Group Plc,SSPG.L,London
Standard Chartered,STAN.L,London
St.Jamess Place Capital Plc,STJ.L,London
Stobart Group Ltd,STOB.L,London
Savills PLC,SVS.L,London
Severstal PAO,SVSTL.L,London
Severn Trent,SVT.L,London
Spectris PLC,SXS.L,London
Sirius Minerals PLC,SXX.L,London
Synthomer PLC,SYNT.L,London
TalkTalk Telecom Group PLC,TALK.L,London
Tate & Lyle,TATE.L,London
TBC Bank Group PLC,TBCG.L,London
TP ICAP PLC,TCAP.L,London
Thomas Cook Group PLC,TCG.L,London
Ted Baker PLC,TED.L,London
Templeton Emerging Markets Investment Tr,TEM.L,London
Telecom Plus PLC,TEP.L,London
TI Fluid Systems,TIFS.L,London
Tullow Oil,TLW.L,London
Temple Bar Investment Trust PLC,TMPL.L,London
Travis Perkins,TPK.L,London
Renewables Infrastructure Group Ltd,TRIG.L,London
Trainline PLC,TRN.L,London
Tesco,TSCO.L,London
TUI Travel,TT.L,London
TUI AG,TUI.L,London
Taylor Wimpey,TW.L,London
UDG Healthcare PLC,UDG.L,London
UK Commercial Property Trust Ltd,UKCM.L,London
Ultra Electronics Holdings PLC,ULE.L,London
Unilever,ULVR.L,London
Uralkali PJSC,URKAL.L,London
UNITE Group PLC,UTG.L,London
United Utilities,UU.L,London
Victrex PLC,VCT.L,London
Vectura Group PLC,VEC.L,London
Vedanta Resources PLC,VED.L,London
Virgin Money Holdings UK PLC,VM.L,London
Virgin Money UK,VMUK.L,London
Vodafone Group,VOD.L,London
VinaCapital Vietnam Opportunity Fund,VOF.L,London
Vesuvius PLC,VSVS.L,London
Vistry Group PLC,VTY.L,London
Weir Group,WEIR.L,London
John Wood Group PLC,WG.L,London
Wizz Air Holdings Plc,WIZZ.L,London
Workspace Group PLC,WKP.L,London
William Hill,WMH.L,London
WPP,WPP.L,London
Whitbread,WTB.L,London
ZPG PLC,ZPG.L,London
Accor S.A.,AC.PA,Paris
Credit Agricole S.A.,ACA.PA,Paris
Aeroports de Paris ADP,ADP.PA,Paris
Aedifica SA,AED.PA,Paris
Air France-KLM,AF.PA,Paris
Air Liquide SA,AI.PA,Paris
AIRBUS GROUP,AIR.PA,Paris
Akka Technologies,AKA.PA,Paris
Arkema,AKE.PA,Paris
Alstom SA,ALO.PA,Paris
Altran Technologies SA,ALT.PA,Paris
Alcatel-Lucent,ALU.PA,Paris
Dassault Aviation SA,AM.PA,Paris
Amundi SA,AMUN.PA,Paris
Alten SA,ATE.PA,Paris
Atos SE,ATO.PA,Paris
Societe BIC SA,BB.PA,Paris
BioMerieux,BIM.PA,Paris
Danone,BN.PA,Paris
BNP Paribas SA,BNP.PA,Paris
Bollore SA,BOL.PA,Paris
Bureau Veritas SA,BVI.PA,Paris
Carrefour SA,CA.PA,Paris
Cap Gemini S.A.,CAP.PA,Paris
Christian Dior,CDI.PA,Paris
Claranova SADIR,CLA.PA,Paris
CNP Assurances,CNP.PA,Paris
Casino Guichard Perrachon SA,CO.PA,Paris
Cofinimmo SA,COFB.PA,Paris
Covivio SA,COV.PA,Paris
AXA Group,CS.PA,Paris
DBV Technologies,DBV.PA,Paris
J C Decaux,DEC.PA,Paris
Vinci S.A,DG.PA,Paris
Sartorius Stedim Biotech SA,DIM.PA,Paris
Dassault Systemes,DSY.PA,Paris
Edenred SA,EDEN.PA,Paris
Electricite de France SA,EDF.PA,Paris
Essilor International SA,EL.PA,Paris
Elior Group SA,ELIOR.PA,Paris
Elis SA,ELIS.PA,Paris
Bouygues SA,EN.PA,Paris
Engie SA,ENGI.PA,Paris
Euronext NV,ENX.PA,Paris
Faurecia,EO.PA,Paris
Eurofins Scientific SE,ERF.PA,Paris
Eutelsat Communications,ETL.PA,Paris
LA FRANCAISE DES JEUX ,FDJ.PA,Paris
Eiffage SA,FGR.PA,Paris
Fnac Darty SA,FNAC.PA,Paris
TOTAL S.A.,FP.PA,Paris
Valeo SA,FR.PA,Paris
TechnipFMC Ltd,FTI.PA,Paris
Getlink SE,GET.PA,Paris
Gecina Nom.,GFC.PA,Paris
Societe Generale Group,GLE.PA,Paris
Genfit,GNFT.PA,Paris
Thales SA,HO.PA,Paris
Icade SA,ICAD.PA,Paris
Iliad SA,ILD.PA,Paris
Ingenico Group SA,ING.PA,Paris
Ipsen SA,IPN.PA,Paris
Kering SA,KER.PA,Paris
Natixis SA,KN.PA,Paris
Lafarge S.A.,LG.PA,Paris
Klepierre SA,LI.PA,Paris
Legrand SA,LR.PA,Paris
LVMH Moet Hennessy Louis Vuitton SA,MC.PA,Paris
Wendel,MF.PA,Paris
Compagnie Generale DES Etablissements Michelin SCA,ML.PA,Paris
Lagardere SCA,MMB.PA,Paris
Metropole Television SA,MMT.PA,Paris
Imerys,NK.PA,Paris
Nexity SA,NXI.PA,Paris
LOreal SA,OR.PA,Paris
Orange,ORA.PA,Paris
Orpea,ORP.PA,Paris
Parrot SA,PARRO.PA,Paris
Cie Plastic Omnium SA,POM.PA,Paris
PUB,PUB.PA,Paris
Remy Cointreau SA,RCO.PA,Paris
Eurazeo,RF.PA,Paris
Pernod-Ricard SA,RI.PA,Paris
Hermes International,RMS,Paris
Renault ,RNO.PA,Paris
Rubis SCA,RUI.PA,Paris
Rexel SA,RXL.PA,Paris
SAF,SAF.PA,Paris
Sanofi,SAN.PA,Paris
Scor SE,SCR.PA,Paris
SES GLOBAL FDR,SESG.PA,Paris
Suez,SEV.PA,Paris
Compagnie de Saint-Gobain S.A.,SGO.PA,Paris
SEB SA,SK.PA,Paris
SOLVAY,SOLB.PA,Paris
Sopra Steria Group,SOP.PA,Paris
Spie SA,SPIE.PA,Paris
STMicroelectronics NV,STM.PA,Paris
Schneider Electric SE,SU.PA,Paris
Sodexo SA,SW.PA,Paris
Technicolor SA,TCH.PA,Paris
Technip SA,TEC.PA,Paris
Teleperformance SE,TEP.PA,Paris
Television Francaise 1,TFI.PA,Paris
Tarkett SA,TKTT.PA,Paris
Trigano SA,TRI.PA,Paris
Ubisoft Entertainment SA,UBI.PA,Paris
Peugeot S.A.,UG.PA,Paris
Unibail Rodamco,UL.PA,Paris
Veolia Environnement S.A.,VIE.PA,Paris
Vivendi,VIV.PA,Paris
Vallourec SA,VK.PA,Paris
Valneva SE,VLA,Paris
Worldline SA,WLN.PA,Paris
Abertis,ABE.MC,Madrid
Abengoa B,ABG-P.MC,Madrid
ACS,ACS.MC,Madrid
Acerinox SA,ACX.MC,Madrid
Aena SME,AENA.MC,Madrid
Laboratorios Almirall SA,ALM.MC,Madrid
Amadeus IT Hold -A-,AMS.MC,Madrid
Acciona,ANA.MC,Madrid
Applus Services SA,APPS.MC,Madrid
BBVA,BBVA.MC,Madrid
Bankia S.A,BKIA.MC,Madrid
Bankinter,BKT.MC,Madrid
Bolsas Y Mercados,BME.MC,Madrid
Caixabank,CABK.MC,Madrid
Cellnex Telecom SA,CLNX.MC,Madrid
Inmobiliaria Colonial Socimi SA,COL.MC,Madrid
DIA S.A.,DIA.MC,Madrid
Endesa,ELE.MC,Madrid
Ence Energia Y Celulosa SA,ENC.MC,Madrid
Enagas,ENG.MC,Madrid
Fomento de Construcciones,FCC.MC,Madrid
Ferrovial,FER.MC,Madrid
Gestamp Automocion,GEST.MC,Madrid
Grifols A,GRF.MC,Madrid
Iberdrola,IBE.MC,Madrid
Indra Sistemas A,IDR.MC,Madrid
Inditex,ITX.MC,Madrid
Jazztel,JAZ.MC,Madrid
Compania de Distribucion Integral Logista Holdings,LOG.MC,Madrid
Mapfre,MAP.MC,Madrid
Masmovil Ibercom SA,MAS.MC,Madrid
Melia Hotels International SA,MEL.MC,Madrid
Merlin Properties SOCIMI SA,MRL.MC,Madrid
ArcelorMittal,MTS.MC,Madrid
"Naturgy Energy Group, S.A.",NTGY.MC,Madrid
OHL,OHL.MC,Madrid
Pharma Mar SA,PHM.MC,Madrid
Prosegur Compania de Seguridad SA,PSG.MC,Madrid
Red Electrica Corp,REE.MC,Madrid
Repsol,REP.MC,Madrid
Banco Sabadell,SAB.MC,Madrid
Sacyr,SCYR.MC,Madrid
Siemens Gamesa Renewable Energy SA,SGRE.MC,Madrid
Mediaset Espana,TL5.MC,Madrid
Tecnicas Reunidas,TRE.MC,Madrid
Unicaja Banco SA,UNI.MC,Madrid
Viscofan SA,VIS.MC,Madrid
A2A Group,A2A.MI,Milan
Autogrill,AGL.MI,Milan
Amplifon,AMP.MI,Milan
Atlantia Develops,ATL.MI,Milan
Azimut Holding,AZM.MI,Milan
Banco Bpm,BAMI.MI,Milan
Banca Generali,BGN.MI,Milan
Montepaschi Banking Groups,BMPS.MI,Milan
Banco Popolare SC,BP.MI,Milan
BPER Banca,BPE.MI,Milan
Brembo,BRE.MI,Milan
Buzzi Unicem Group,BZU.MI,Milan
CNH Industrial Group,CNHI.MI,Milan
Davide Campari - Milano Beverage,CPR.MI,Milan
Diasorin,DIA.MI,Milan
Enel Group company,EGPW.MI,Milan
Enel Power Company,ENEL.MI,Milan
Eni Energy Company,ENI.MI,Milan
Exor Investment Company,EXO.MI,Milan
FinecoBank,FBK.MI,Milan
Generali Group,GASI.MI,Milan
Hera SPA,HER.MI,Milan
Italgas,IG.MI,Milan
Interpump Group,IP.MI,Milan
Iren,IRE.MI,Milan
Intesa Sanpaolo Group,ISP.MI,Milan
Juventus Football Club,JUVE.MI,Milan
Leonardo Finmeccanica,LDO.MI,Milan
Luxottica Group,LUX.MI,Milan
Mediobanca Investment Bank,MDBI.MI,Milan
Mediolanum Group,MED.MI,Milan
Moncler,MONC.MI,Milan
Mediaset Group,MS.MI,Milan
Pirelli & C,PIRC.MI,Milan
Bank Of Milano Cooperative Company,PMI.MI,Milan
Prysmian Group,PRY.MI,Milan
Poste Italiane,PST.MI,Milan
Recordati,REC.MI,Milan
Salvatore Ferragamo Company,SFER.MI,Milan
Saipem Oil & Gas Industry,SPM.MI,Milan
Snam Group,SRG.MI,Milan
Stellantis NV,STLA.MI,Milan
STMicroelectronics Company,STM.MI,Milan
Ansaldo STS Company,STS.MI,Milan
Tenaris Group,TEN.MI,Milan
Telecom Italia Group,TLIT.MI,Milan
Tods Group,TOD.MI,Milan
TERNA Eectricity Group,TRN.MI,Milan
UBI Banca Group,UBI.MI,Milan
UniCredit Commercial Bank,UCG.MI,Milan
Unipol,UNI.MI,Milan
UnipolSai multi-business insurance company,US.MI,Milan
World Duty Free Company,WDF.MI,Milan
Yoox Net-A-Porter Group,YNAP.MI,Milan
ABB LTD,ABBN.ZU,Zurich
Adecco Group AG,ADEN.ZU,Zurich
Alcon Inc.,ALC.ZU,Zurich
Ams AG,AMS.ZU,Zurich
Actelion Ltd,ATLN.ZU,Zurich
Julius Baer Gruppe AG,BAER.ZU,Zurich
Baloise Holding AG,BALN.ZU,Zurich
Barry Callebaut AG,BARN.ZU,Zurich
Bucher Industries AG,BUCN.ZU,Zurich
Compagnie Financiere Richemont SA,CFR.ZU,Zurich
Clariant AG,CLN.ZU,Zurich
Cembra Money Bank AG,CMBN.ZU,Zurich
Credit Suisse Group AG,CSGN.ZU,Zurich
Daetwyler Holding AG,DAE.ZU,Zurich
DKSH Holding AG,DKSH.ZU,Zurich
Dufry AG,DUFN.ZU,Zurich
Ems-Chemie Holding AG,EMSN.ZU,Zurich
Flughafen Zurich AG,FHZN.ZU,Zurich
Galenica AG,GALE.ZU,Zurich
Geberit AG,GEBN.ZU,Zurich
Givaudan S.A,GIVN.ZU,Zurich
Helvetia Holding AG,HELN.ZU,Zurich
Kuehne & Nagel International AG,KNIN.ZU,Zurich
Landis Gyr Group Ltd,LAND.ZU,Zurich
Lafargeholcim Ltd,LHN.ZU,Zurich
Logitech International SA,LOGN.ZU,Zurich
Lonza Group Ltd,LONN.ZU,Zurich
Nestle SA,NESN.ZU,Zurich
OC Oerlikon Corporation AG,OERL.ZU,Zurich
Pargesa Holding SA,PARG.ZU,Zurich
Partners Group Holding AG,PGHN.ZU,Zurich
PSP Swiss Property AG,PSPN.ZU,Zurich
Roche Holding Ltd,ROG.ZU,Zurich
Schindler Holding AG,SCHP.ZU,Zurich
Swisscom AG,SCMN.ZU,Zurich
SGS SA,SGSN.ZU,Zurich
Sika Ltd,SIKA.ZU,Zurich
Swiss Life Holding AG,SLHN.ZU,Zurich
Sonova Holding AG,SOON.ZU,Zurich
Swiss Prime Site AG,SPSN.ZU,Zurich
Stadler Rail AG,SRAIL.ZU,Zurich
Sunrise Communications Group Ltd,SRCG.ZU,Zurich
Swiss Re AG,SREN.ZU,Zurich
Straumann Holding Ltd,STMN.ZU,Zurich
Syngenta AG,SYNN.ZU,Zurich
Tecan Group AG,TECN.ZU,Zurich
Temenos Ltd,TEMN.ZU,Zurich
UBS Group AG,UBSG.ZU,Zurich
u-blox Holding AG,UBXN.ZU,Zurich
The Swatch Group SA - B Shares,UHR.ZU,Zurich
VAT Group Ltd,VACN.ZU,Zurich
Vifor Pharma AG,VIFN.ZU,Zurich
Zurich Insurance Group Ltd,ZURN.ZU,Zurich
Aker BP ASA,AKERBP.OL,Oslo
Aker Solutions,AKSO.OL,Oslo
BW LPG,BWLPG.OL,Oslo
DNB,DNB.OL,Oslo
DNO International,DNO.OL,Oslo
Equinor ASA,EQNR.OL,Oslo
Fred. Olsen Energy,FOE.OL,Oslo
Gjensidige Forsikring,GJF.OL,Oslo
Golden Ocean Group,GOGL.OL,Oslo
Mowi ASA,MOWI.OL,Oslo
Norwegian Air Shuttle,NAS.OL,Oslo
NEL ASA,NEL.OL,Oslo
Norsk Hydro,NHY.OL,Oslo
Orkla,ORK.OL,Oslo
Petroleum Geo-Services,PGS.OL,Oslo
Prosafe,PRS.OL,Oslo
SalMar ASA,SALM.OL,Oslo
Schibsted ASA,SCHA.OL,Oslo
Storebrand,STB.OL,Oslo
Subsea 7,SUBC.OL,Oslo
Telenor,TEL.OL,Oslo
TGS-NOPEC,TGS.OL,Oslo
Tomra Systems,TOM.OL,Oslo
Yara International,YAR.OL,Oslo
AAK AB,AAK.ST,Stockholm
Alfa Laval AB,ALFA.ST,Stockholm
ASSA ABLOY AB ser. B,ASSA-B.ST,Stockholm
Atlas Copco AB ser. A,ATCO-A.ST,Stockholm
Fastighets AB Balder ser. B,BALDB.ST,Stockholm
Boliden AB,BOL.ST,Stockholm
Castellum AB,CAST.ST,Stockholm
Dometic Group AB,DOM.ST,Stockholm
Elekta AB Ser. B,EKTAB.ST,Stockholm
Epiroc AB - A shares - A shares,EPIA.ST,Stockholm
"Ericsson, Telefonab. L M ser. A",ERIC-A.ST,Stockholm
Essity AB ser. B,ESSITYB.ST,Stockholm
Fabege AB,FABG.ST,Stockholm
Getinge AB Ser. B,GETIB.ST,Stockholm
Hexagon AB ser. B,HEXA-B.ST,Stockholm
"Hennes & Mauritz AB, H & M ser. B",HM-B.ST,Stockholm
HEXPOL AB ser. B,HPOLB.ST,Stockholm
Husqvarna AB Ser. B,HUSQB.ST,Stockholm
ICA Gruppen AB,ICA.ST,Stockholm
"Industrivrden, AB ser. A",INDU-A.ST,Stockholm
Investor AB ser. A,INVE-A.ST,Stockholm
Investor AB ser. B,INVEB.ST,Stockholm
Kindred Group plc,KINDSDB.ST,Stockholm
Loomis AB,LOOMIS.ST,Stockholm
"Lundbergfretagen AB, L E ser. B",LUND-B.ST,Stockholm
Lundin Petroleum AB,LUPE.ST,Stockholm
Nordea Bank AB,NDA_SE.ST,Stockholm
Nibe Industrier AB Ser. B,NIBEB.ST,Stockholm
Saab AB Ser. B,SAABB.ST,Stockholm
Sandvik AB,SAND.ST,Stockholm
Skandinaviska Enskilda Banken ser. A,SEB-A.ST,Stockholm
Securitas AB ser. B,SECU-B.ST,Stockholm
Svenska Handelsbanken ser. A,SHB-A.ST,Stockholm
Skanska AB ser. B,SKA-B.ST,Stockholm
"SKF, AB ser. A",SKF-A.ST,Stockholm
Swedish Orphan Biovitrum AB,SOBI.ST,Stockholm
Swedbank AB ser A,SWED-A.ST,Stockholm
Swedish Match AB,SWMA.ST,Stockholm
Tele2 AB Ser. B,TEL2B.ST,Stockholm
Telia Company AB,TELIA.ST,Stockholm
Trelleborg AB ser. B,TREL-B.ST,Stockholm
Volvo AB ser. A,VOLV-A.ST,Stockholm
Ambu A/S,AMBUB.CO,Copenhagen
Chr. Hansen Holding A/S,CHR.CO,Copenhagen
Coloplast B A/S,COLO-B.CO,Copenhagen
Danske Bank A/S,DANSKE.CO,Copenhagen
 Demant A/S,DEMANT.CO,Copenhagen
DSV A/S,DSV.CO,Copenhagen
FLSmidth & Co. A/S,FLS.CO,Copenhagen
Genmab A/S,GMAB.CO,Copenhagen
GN Store Nord A/S,GN.CO,Copenhagen
ISS A/S,ISS.CO,Copenhagen
Jyske Bank A/S,JYSK.CO,Copenhagen
H. Lundbeck A/S,LUN.CO,Copenhagen
A P Moller,MAERBc.CO,Copenhagen
Novo Nordisk B A/S,NOVO-B.CO,Copenhagen
Novozymes B A/S,NZYM-B.CO,Copenhagen
Orsted A/S,ORSTED.CO,Copenhagen
Pandora A/S,PNDORA.CO,Copenhagen
Royal Unibrew A/S,RBREW.CO,Copenhagen
Rockwool International B A/S,ROCKB.CO,Copenhagen
SimCorp A/S,SIM.CO,Copenhagen
Tryg A/S,TRYG.CO,Copenhagen
Vestas Wind Systems A/S,VWS.CO,Copenhagen
Cargotec Oyj,CGCBV.HE,Helsinki
DNA Oyj,DNA.HE,Helsinki
Elisa Oyj,ELISA.HE,Helsinki
Fortum Oyj,FORTUM.HE,Helsinki
Huhtamaki Oyj,HUH1V.HE,Helsinki
Konecranes Oyj,KCR.HE,Helsinki
Kesko Oyj B,KESKOB.HE,Helsinki
KONE Oyj,KNEBV.HE,Helsinki
Metsa Board,METSB.HE,Helsinki
Metso Outotec Oyj,MOCORP.HE,Helsinki
Nordea Bank AB ,NDA1V.HE,Helsinki
Neles Oyj,NELES.HE,Helsinki
Neste Oyj,NESTE.HE,Helsinki
Nokia Corp.,NOKIA.HE,Helsinki
Orion Oyj B,ORNBV.HE,Helsinki
Outokumpu Oyj,OUT1V.HE,Helsinki
Sampo Oyj A,SAMPO.HE,Helsinki
SSAB AB ser. A,SSABAH.HE,Helsinki
Nokian Renkaat Oyj,TYRES.HE,Helsinki
UPM-Kymmene Oyj,UPM.HE,Helsinki
Valmet Corporation,VALMT.HE,Helsinki
Wrtsil Oyj Abp,WRT1V.HE,Helsinki
CK Hutchison Holdings Ltd,00001.HK,Hong Kong
CLP Holdings Ltd,00002.HK,Hong Kong
Power Assets Holdings Ltd,00006.HK,Hong Kong
Hang Seng Bank Ltd,00011.HK,Hong Kong
Sun Hung Kai Properties Ltd,00016.HK,Hong Kong
New World Development Co Ltd,00017.HK,Hong Kong
Swire Pacific Ltd,00019.HK,Hong Kong
Galaxy Entertainment Group Ltd,00027.HK,Hong Kong
MTR Corp Ltd,00066.HK,Hong Kong
Kunlun Energy Co Ltd,00135.HK,Hong Kong
Geely Automobile Holdings Ltd,00175.HK,Hong Kong
Alibaba Health Information Tec,00241.HK,Hong Kong
China Everbright International,00257.HK,Hong Kong
Kingdee International Software,00268.HK,Hong Kong
BYD Electronic International,00285.HK,Hong Kong
Tingyi Cayman Islands Holding,00322.HK,Hong Kong
China Gas Holdings Ltd,00384.HK,Hong Kong
Hong Kong Exchanges & Clearing,00388.HK,Hong Kong
ZTE Corp,00763.HK,Hong Kong
China Tower Corp Ltd,00788.HK,Hong Kong
PetroChina Co Ltd,00857.HK,Hong Kong
SJM Holdings Ltd,00880.HK,Hong Kong
China Taiping Insurance Holdin,00966.HK,Hong Kong
Semiconductor Manufacturing,00981.HK,Hong Kong
China Southern Airlines Co Ltd,01055.HK,Hong Kong
CSPC Pharmaceutical Group Ltd,01093.HK,Hong Kong
CK Asset Holdings Ltd,01113.HK,Hong Kong
Brilliance China Automotive,01114.HK,Hong Kong
Qingling Motors Co Ltd,01122.HK,Hong Kong
Wynn Macau Ltd,01128.HK,Hong Kong
Sino Biopharmaceutical Ltd,01177.HK,Hong Kong
BYD Co Ltd,01211.HK,Hong Kong
New China Life Insurance Co Ltd,01336.HK,Hong Kong
Sands China Ltd,01928.HK,Hong Kong
AAC Technologies Holdings Inc,02018.HK,Hong Kong
ANTA Sports Products Ltd,02020.HK,Hong Kong
Shanghai Fosun Pharmaceutical,02196.HK,Hong Kong
Wuxi Biologics Cayman Inc,02269.HK,Hong Kong
Shenzhou International Group,02313.HK,Hong Kong
China Mengniu Dairy Co Ltd,02319.HK,Hong Kong
Sunny Optical Technology Group,02382.HK,Hong Kong
Sinopec Engineering Group Co,02386.HK,Hong Kong
BOC Hong Kong Holdings Ltd,02388.HK,Hong Kong
ENN Energy Holdings Ltd,02688.HK,Hong Kong
China Evergrande Group,03333.HK,Hong Kong
Meituan Class B,03690.HK,Hong Kong
Sinopec,0386.HK,Hong Kong
China Railway Group,0390.HK,Hong Kong
China International Capital Co,03908.HK,Hong Kong
China Molybdenum Co Ltd,03993.HK,Hong Kong
Dongfeng Motor Group,0489.HK,Hong Kong
Li & Fung Ltd,0494.HK,Hong Kong
ZhongAn Online P&C Insurance,06060.HK,Hong Kong
Fosun International,0656.HK,Hong Kong
Haitong Securities Co Ltd,06837.HK,Hong Kong
Haidilao International Holding,06862.HK,Hong Kong
China Overseas Land & Investment,0688.HK,Hong Kong
China Galaxy Securities Co Ltd,06881.HK,Hong Kong
Huatai Securities Co Ltd,06886.HK,Hong Kong
Tencent,0700.HK,Hong Kong
China Telecom,0728.HK,Hong Kong
Air China,0753.HK,Hong Kong
China Unicom HK,0762.HK,Hong Kong
Cnooc,0883.HK,Hong Kong
Huaneng Power International Inc (HK),0902.HK,Hong Kong
Anhui Conch,0914.HK,Hong Kong
China Longyuan,0916.HK,Hong Kong
China Construction Bank,0939.HK,Hong Kong
China Mobile,0941.HK,Hong Kong
Xinyi Solar Holdings Ltd,0968.HK,Hong Kong
Lenovo Group,0992.HK,Hong Kong
China Citic Bank,0998.HK,Hong Kong
Hang Lung Properties Ltd,101.HK,Hong Kong
CK Infrastructure Holdings Ltd,1038.HK,Hong Kong
Hengan International Group Co Ltd,1044.HK,Hong Kong
China Shenhua,1088.HK,Hong Kong
China Resources Land,1109.HK,Hong Kong
Yanzhou Coal,1171.HK,Hong Kong
China Railway Construction,1186.HK,Hong Kong
Henderson Land Development Co Ltd,12.HK,Hong Kong
Agricultural Bank of China,1288.HK,Hong Kong
AIA Group Ltd,1299.HK,Hong Kong
China Maple Leaf Educational Systems Ltd,1317.HK,Hong Kong
Peoples Insurance Company (Group) of China,1339.HK,Hong Kong
China Cinda Asset Management Co Ltd,1359.HK,Hong Kong
Industrial And Commercial Bank of China,1398.HK,Hong Kong
Want Want China Holdings Ltd,151.HK,Hong Kong
3SBio Inc,1530.HK,Hong Kong
Yadea Group Holdings Ltd,1585.HK,Hong Kong
Metallurgical Corporation of China,1618.HK,Hong Kong
Yuzhou Properties Co Ltd,1628.HK,Hong Kong
Koolearn Technology Holding Ltd,1797.HK,Hong Kong
China Communications Construction,1800.HK,Hong Kong
Innovent Biologics Inc,1801.HK,Hong Kong
CGN Power Co Ltd,1816.HK,Hong Kong
Ping An Healthcare and Technology Co Ltd,1833.HK,Hong Kong
Viva Biotech Holdings,1873.HK,Hong Kong
China Coal Energy,1898.HK,Hong Kong
BAIC Motor Corp Ltd,1958.HK,Hong Kong
China SCE Property Holdings Ltd,1966.HK,Hong Kong
Minsheng Bank,1988.HK,Hong Kong
Wharf Real Estate Investment Co Ltd,1997.HK,Hong Kong
Melco International Development Ltd,200.HK,Hong Kong
Country Garden,2007.HK,Hong Kong
Weimob Inc,2013.HK,Hong Kong
Guangzhou Automobile,2238.HK,Hong Kong
Ping An Insurance,2318.HK,Hong Kong
Picc Property And Casualty,2328.HK,Hong Kong
Li Ning Co Ltd,2331.HK,Hong Kong
Great Wall Motor,2333.HK,Hong Kong
Weichai Power,2338.HK,Hong Kong
China Pacific Insurance,2601.HK,Hong Kong
China Life Insurance (HK),2628.HK,Hong Kong
WH Group Ltd,288.HK,Hong Kong
China Oilfield,2883.HK,Hong Kong
Zijin Mining,2899.HK,Hong Kong
Hong Kong & China Gas Co Ltd,3.HK,Hong Kong
China National Building Material,3323.HK,Hong Kong
Bank of Communications,3328.HK,Hong Kong
Cafe de Coral Holdings Ltd,341.HK,Hong Kong
GCL-Poly Energy,3800.HK,Hong Kong
Kingsoft Corp Ltd,3888.HK,Hong Kong
China Merchants Bank,3968.HK,Hong Kong
Bank of China,3988.HK,Hong Kong
CITIC Securities Co Ltd,6030.HK,Hong Kong
China Tobacco International HK Co Ltd,6055.HK,Hong Kong
CanSino Biologics Inc,6185.HK,Hong Kong
Techtronic Industries Co Ltd,669.HK,Hong Kong
Fortune Real Estate Investment Trust,778.HK,Hong Kong
Link REIT,823.HK,Hong Kong
Sino Land Co Ltd,83.HK,Hong Kong
JD.com Inc,9618.HK,Hong Kong
Akeso Inc,9926.HK,Hong Kong
Alibaba Group Holding Ltd (Hong Kong),9988.HK,Hong Kong
Ant Group,ANT.HK,Hong Kong
Xiaomi Corp,XI,Hong Kong
Banco Comercial Portugues SA,BCP,Lisbon
EDP - Energias de Portugal SA,EDP.LSB,Lisbon
Jeronimo Martins SGPS SA,JMT.LSB,Lisbon
Anheuser Busch InBev,ABI.BR,Brussels
Ackermans & Van Haaren NV,ACKB.BR,Brussels
Ageas NV,AGS.BR,Brussels
Argenx Se,ARGX.BR,Brussels
Colruyt,COLR.BR,Brussels
Groupe Bruxelles Lambert,GBLB.BR,Brussels
KBC Groep,KBC.BR,Brussels
Proximus SA,PROX.BR,Brussels
Sofina SA,SOF.BR,Brussels
Telenet Group Holding NV,TNET.BR,Brussels
UCB SA,UCB.BR,Brussels
Umicore,UMI.BR,Brussels
Warehouse & Distribution De Pauw SICAFI SCA,WDP.BR,Brussels
Aramco Saudi Arabian Oil Corp,SAOC,Saudi Arabia
Aalberts Industries NV,AALB.NV,Amsterdam
ABN AMRO Group NV,ABN.NV,Amsterdam
Koninklijke Ahold NV,AD.NV,Amsterdam
Adyen NV,ADYEN.NV,Amsterdam
Aegon NV,AGN.NV,Amsterdam
Akzo Nobel NV,AKZA.NV,Amsterdam
AMG Advanced Metallurgical Group NV,AMG.NV,Amsterdam
Arcadis NV,ARCAD.NV,Amsterdam
ASM International NV,ASMI.NV,Amsterdam
ASML Holding NV,ASML.NV,Amsterdam
ASR Nederland NV,ASRNL.NV,Amsterdam
Altice Europe NV,ATC.NV,Amsterdam
BE Semiconductor Industries NV,BESI.NV,Amsterdam
Koninklijke Boskalis Westminster NV,BOKA.NV,Amsterdam
Koninklijke DSM NV,DSM.NV,Amsterdam
Flow Traders Cooperatief UA,FLOW.NV,Amsterdam
Galapagos,GLPG.NV,Amsterdam
GrandVision NV,GVNV.NV,Amsterdam
Heineken,HEIA.NV,Amsterdam
Heineken Holding NV,HEIO.NV,Amsterdam
IMCD NV,IMCD.NV,Amsterdam
ING Groep NV,INGA.NV,Amsterdam
Intertrust NV,INTER.NV,Amsterdam
KPN,KPN.NV,Amsterdam
Koninklijke VolkerWessels NV,KVW.NV,Amsterdam
Signify NV,LIGHT.NV,Amsterdam
NN Group NV,NN.NV,Amsterdam
OCI NV,OCI.NV,Amsterdam
Royal Philips Electronics NV,PHIA.NV,Amsterdam
PostNL NV,PNL.NV,Amsterdam
Randstad Holding NV,RAND.NV,Amsterdam
SBM Offshore NV,SBMO.NV,Amsterdam
Takeaway.com NV,TKWY.NV,Amsterdam
TomTom BV,TOM2.NV,Amsterdam
TKH Group,TWEKA.NV,Amsterdam
Unilever DR,UNA.NV,Amsterdam
Koninklijke Vopak NV,VOPA.NV,Amsterdam
Wereldhave NV,WHA.NV,Amsterdam
Wolters Kluwer NV,WKL.NV,Amsterdam
